ID,Title,Channel_title,Country,Views,Duration(h),VivoY20s_Usage(mAh),Pocox3pro_Usage(mAh),Avg_Usage(mAh),Energy(J),Total_Energy(kJ)
1,Drama Spontan 31: Avengers versi Kelantan,Syahmi Sazli,MY,2463512,0.210833333,55,72,63.5,228.6,563159
2,"RUMAH AM KENA MASUK PER0MP4K !! - PRANK MARSYA , AIRA DAN TEAH  T4KUT !!",Ammar Nazhan,MY,2066020,0.158055556,48,66,57,205.2,423947
3,Luísa Sonza - Boa Menina,LuisaSonzaVEVO,BR,1585731,0.040833333,10,,10,36,57086
4,MASTERCHEF PROFISSIONAIS (30/10/2018) | PARTE 2 | EP 11 | TEMP 03,MasterChef Brasil,BR,764890,0.301944444,98,,98,352.8,269853
5,Jerry Smith - Vou Falar Pra Tu (Clipe Oficial),Jerry Smith,BR,426563,0.045277778,10,,10,36,15356
6,Dilsinho - Péssimo Negócio (Ao Vivo),DilsinhoVEVO,BR,92848,0.054444444,15,,15,54,5014
7,Mônica Toy | Esqueletoys (T06E32) 🎃 Especial Dia das Bruxas 2018,Turma da Mônica,BR,69653,0.010555556,3,,3,10.8,752
8,Priscilla Alcantara - Gente,PrisAlcantaraVEVO,BR,312876,0.016944444,5,,5,18,5632
9,Segurança confessa ter matado Rayane após oferecer carona,Balanço Geral,BR,75277,0.093611111,29,,29,104.4,7859
10,Pastor Silas Malafaia - Bolsonaro ao vivo na igreja que sou pastor,Silas Malafaia Oficial,BR,494522,0.247777778,77,,77,277.2,137081
11,FILA DE PIADAS - TRAIÇÃO - #108,4 AMIGOS STAND UP COMEDY,BR,287444,0.249722222,78,,78,280.8,80714
12,6 DIY DE SLIMES GIGANTES E PELOTAS ANTIESTRES,Troom Troom PT,BR,121408,0.174444444,52,,52,187.2,22728
13,Boulos chama BOLSONARO DE BANDIDO e passa VERGONHA pânico,Marcos Dicionário,BR,1307564,0.106111111,35,,35,126,164753
14,Novo governo é contra as minorias? Kim responde.,Kim Kataguiri,BR,206338,0.080555556,24,,24,86.4,17828
15,MUDANÇAS NO CANAL,Porta dos Fundos,BR,295407,0.019444444,6,,6,21.6,6381
16,Futuro Ministro da Defesa explica ameaças a Jair Bolsonaro,Jovem Pan News,BR,449180,0.128055556,38,,38,136.8,61448
17,Corrida das Blogueiras: React das inscrições - parte 1 | Diva Depressão,Diva Depressão,BR,178437,0.496944444,163,,163,586.8,104707
18,Lucas Lucco - Aham | DVD A Ørigem (Ao Vivo em Goiânia),Lucas Lucco,BR,209556,0.063055556,23,,23,82.8,17351
19,ESPECIAL DE TERROR III | PARAFERNALHA,Parafernalha,BR,359408,0.08,24,,24,86.4,31053
20,Segundo Sol QUARTA 31 de OUTUBRO Resumo completo da novela 31/10/2018,Tv News Curiosidades,BR,107172,0.633055556,147,,147,529.2,56715
21,Imagine Dragons - Machine (Audio),ImagineDragonsVEVO,BR,1075599,0.050555556,18,,18,64.8,69699
22,Como é feito o leite em pó #Boravê,Manual do Mundo,BR,744082,0.220833333,70,,70,252,187509
23,Gustavo Moura e Rafael - Zé Ninguém Feat Carol Castro,Gustavo Moura e Rafael,BR,45770,0.058888889,18,,18,64.8,2966
24,General Mourão fala sobre os primeiros passos da gestão de Jair Bolsonaro | SBT Notícias (30/10/18),SBT Jornalismo,BR,511205,0.117777778,40,,40,144,73614
25,Conversando Sobre Saúde Mental | Cresci e agora?,LubaTV,BR,125011,0.215277778,65,,65,234,29253
26,O DIA EM QUE EU ENTREI NA PUBERDADE,aNIMA Lima,BR,31528,0.048055556,13,,13,46.8,1476
27,O Amor me escolheu | Deive Leonardo | Batista Lagoinha - Culto Fé,Deive Leonardo,BR,51210,1.006666667,254,,254,914.4,46826
28,COISAS QUE ACONTECEM NO DIA DE FINADOS,Badin,BR,47756,0.062777778,21,,21,75.6,3610
29,DUVIDO Você assistir esses filmes SOZINHO! 😱👻 - Halloween,Pipocando,BR,233780,0.196111111,62,,62,223.2,52180
30,Nastya and papa pretend play with magic TV,Stacy Toys,BR,601071,0.071111111,23,,23,82.8,49769
31,Gaudêncio - GRANDES CAGAÇOS DA INTERNET,oCrisPereira,BR,51138,0.172777778,42,,42,151.2,7732
32,Caso Rayane: Polícia localiza principal suspeito de morte em Mogi das Cruzes,RedeTV,BR,83227,0.056388889,21,,21,75.6,6292
33,MC Pedrinho e Dakillah - Bailando (GR6 Filmes) part. DJ Kalfani,GR6 EXPLODE,BR,792211,0.064166667,25,,25,90,71299
34,KEFIR - Bebida MILAGROSA do PROFETA,Patricia Elias,BR,16463,0.268055556,67,,67,241.2,3971
35,"🔴 VIDA DE LULA CORRE RISCO,  DESESPERADA GLEISI HOFFMANN FAZ GRAVE DENUNCIA CONTRA BOLSONARO",Top Tube Famosos,BR,90991,0.185555556,41,,41,147.6,13430
36,"Protesto de Boulos como sempre, Badernas, Quebradeiras, Confusão, PM age",Universo,BR,85309,0.240277778,60,,60,216,18427
37,AS IRMÃS BRIGARAM FEIO!! - APAIXONADOS #7 [ REZENDE EVIL ],rezendeevil,BR,365299,0.206666667,50,,50,180,65754
38,Moro prendeu Lula para eleger Bolsonaro. Comentário de Solnik,TV 247,BR,28264,0.047777778,20,,20,72,2035
39,PEGADINHA DE HALLOWEEN - Halloween Prank | Rafael Chocolate,Rafael Chocolate,BR,89938,0.101111111,30,,30,108,9713
40,BK' - Novo Poder (Gigantes),BK',BR,60820,0.062777778,24,,24,86.4,5255
41,Não falo mais de POLÍTICA.,Nando Moura,BR,311342,0.223888889,54,,54,194.4,60525
42,{Tradução} The Zombie Song - Animatic,S&R,BR,41425,0.046666667,20,,20,72,2983
43,Froid part. Sampa - Lamentável parte II (prod. Froid),Froid,BR,100288,0.063888889,23,,23,82.8,8304
44,SEGUNDO SOL HOJE QUARTA 31 DE OUTUBRO CAPÃTULO 147 RESUMO COMPLETO 31/10/18,YouTudo Resumo de Novelas,BR,13537,0.009166667,2,,2,7.2,97
45,"ENQUETE GABI PRADO EVANDRO, QUEM FICA NA FAZENDA 10 2018,  QUEM SAI DA ROÇA, quem foi fazendeiro",Hot Notícias,BR,11136,0.038333333,17,,17,61.2,682
46,QUEM VAI SER O CAPITÃO DO TIME DE FUTEBOL?!,Vosso Canal,BR,171419,0.226944444,56,,56,201.6,34558
47,Moro e Bolsonaro - o segredo será revelado?,Filósofo Paulo Ghiraldelli,BR,20922,0.093055556,27,,27,97.2,2034
48,ADAI Music - Aguardo o Dia (Ao Vivo),Musile Records,BR,11828,0.099166667,30,,30,108,1277
49,"Governo Bolsonaro... Direita, Esquerda, Direita, Esquerda, Direita, Esquerda....",CRISTALVOX,BR,31388,1.299722222,298,,298,1072.8,33673
50,Discurso de Guilherme Boulos  para multidão no ato Vai Ter Resistência,Mídia NINJA,BR,90587,0.160277778,37,,37,133.2,12066
51,Os Pingos Nos Is - 30/10/18,Os Pingos nos Is,BR,320780,1.533888889,353,,353,1270.8,407647
52,União dos ministérios: bom ou ruim?,Morning Show,BR,42994,0.16,38,,38,136.8,5882
53,"Gucci Mane, Bruno Mars, Kodak Black - Wake Up in The Sky [Official Music Video]",OfficialGucciMane,BR,673533,0.0575,22,,22,79.2,53344
54,MEGARREVISÃO DE LINGUAGENS: TEMAS QUENTES | DESCOMPLICA,Descomplica,BR,35546,1.560277778,357,,357,1285.2,45684
55,HIPNOTIZEI UM PETISTA E ELE QUIS VOTAR BOLSONARO !,Pyong Lee,BR,44509,0.410555556,127,,127,457.2,20350
56,ASMR CLIMA PERFEITO PARA TE ARREPIAR,Gaúcha ASMR,BR,73851,0.402777778,126,,126,453.6,33499
57,Vingança - Luan Santana ft. MC Kekel | FitDance TV (Coreografia) Dance Video,FitDance,BR,60980,0.056944444,22,,22,79.2,4830
58,CLIPE DE LUISA SONZA RENDE ASSUNTO! FÃS ESPECULAM FIM DO NAMORO DE MAJU TRINDADE E MATEUS!,Já contei? por Ju Nogueira,BR,18635,0.033055556,17,,17,61.2,1140
59,Top 10 Frases de Efeito,Jovem Nerd,BR,127283,0.335277778,92,,92,331.2,42156
60,NÃO PODE RIR! com PAGODE DA OFENSA,Castro Brothers,BR,525201,0.378333333,100,,100,360,189072
61,Seu mané corre pra da uma notícia,Humoristas do Sertão ,BR,65109,0.076944444,23,,23,82.8,5391
62,Uma Mensagem para a tua Quarta Feira,Nathalia Leandro,BR,22778,0.476944444,124,,124,446.4,10168
63,PRATO PRONTO CONGELADO SADIA - Frango Assado e Frango com Molho de Tomate,Bom de Garfo,BR,20124,0.188055556,42,,42,151.2,3043
64,Enquete: Evandro “ARREGAÇA” Gabi Prado e votação já mostra rejeição histórica,Fique Esperto,BR,14009,0.049166667,20,,20,72,1009
65,10 Formas De Melhorar Sua VisaÌƒo Sem Usar OÌculos,INCRÃVEL,BR,29397,0.193611111,45,,45,162,4762
66,Delegado do caso Rayane fala com exclusividade ao Cidade Alerta,CidadeAlertaRecord,BR,121707,0.086388889,24,,24,86.4,10515
67,Kyabe Visita Caulifla | Dragon Ball Super Dublado,dbsvideos Br,BR,48761,0.019444444,4,,4,14.4,702
68,Quem é Marcos Pontes? O Ministro de Ciência e Tecnologia de Bolsonaro.,Jair Bolsonaro,BR,78820,0.051388889,20,,20,72,5675
69,As Aventuras de Poliana | Conselho tutelar aparece para levar João,As Aventuras de Poliana,BR,137340,0.033611111,18,,18,64.8,8900
70,ARTHUR MITOU E O JULIO COCIELO MORREU! - ESCOLINHA DO COACH #2,Banheiristas,BR,319533,0.146111111,36,,36,129.6,41411
71,Peppa Pig no Halloween [Pintando Desenhos],Pintando Desenhos,BR,44628,0.131666667,34,,34,122.4,5462
72,Rahatlatıcı Slime Videoları #273,RahatlatÄ±cÄ± Videolar,BR,297493,0.169444444,41,,41,147.6,43910
73,31Out2018 - Incendiando meu Altar em Israel | A Palavra do Dia,Virginia Arruda,BR,76058,0.186111111,44,,44,158.4,12048
74,Sua Vaca - Marcelo Parafuso Solto,Marcelo Parafuso Solto,BR,21980,0.033055556,17,,17,61.2,1345
75,ELE SIM ELE NÃO,Na CorreRia,BR,270982,0.024444444,6,,6,21.6,5853
76,Lembra da protagonista do filme Matilda? Veja como ela está hoje,Mata Curiosidade,BR,53982,0.049444444,20,,20,72,3887
77,MIXING MAKEUP AND CLAY INTO SLIME!!! RELAXING SLIME WITH BALLOONS,Hong Giang DIY Slime,BR,98553,0.206666667,50,,50,180,17740
78,Como entrar pela porta estreita? (Homilia Diária.992: Quarta-feira da 30.ª Semana do Tempo Comum),Padre Paulo Ricardo,BR,29829,0.092777778,27,,27,97.2,2899
79,Resistência e Ninguém solta a mão de ninguém!,LUIZ CAMARGO vlog,BR,91334,0.040833333,19,,19,68.4,6247
80,HISTÓRIAS BIZARRAS DA MINHA VOVOZINHA!!! 5,Leo Augusto,BR,26621,0.054166667,20,,20,72,1917
81,Lula indica Haddad para liderar resistência ao fascismo,Blog da Cidadania,BR,55424,0.112777778,27,,27,97.2,5387
82,TWICE YES or YES TEASER E,jypentertainment,BR,2455037,0.005,2,,2,7.2,17676
83,Enquete já aponta Quem será eliminado com rejeição entre Gabi Prado e Evandro Santo em A Fazenda 10,ÁGUIA NEWS,BR,11707,0.019444444,5,,5,18,211
84,UM CACHORRO HERÓI SALVA UM BEBÊ SE AFOGANDO. 10 VEZES QUE OS ANIMAIS SALVARAM AS PESSOAS,#Refúgio Mental,BR,82241,0.191944444,45,,45,162,13323
85,"URGENTE: Luciano Hang, da Havan, anuncia R$500 milhões em investimentos após vitória de Bolsonaro",Folha Política,BR,275068,0.627222222,143,,143,514.8,141605
86,O sucesso do governo Bolsonaro só depende de uma coisa | por Kim Kataguiri,MBL - Movimento Brasil Livre,BR,345822,0.197777778,48,,48,172.8,59758
87,Palavra de Hoje dia 31 de Outubro de 2018 Salmo 91,Jesus me defenda,BR,36378,0.187777778,43,,43,154.8,5631
88,A ORAÇÃO DO MILAGRE,Orações de Fé,BR,11592,0.064166667,21,,21,75.6,876
89,"🔴Prova do Fazendeiro: NADJA CHORA E GEME MUITO; CHULAPA ARREGA | Comentando ""A FAZENDA 10""",WebTVBrasileira,BR,107695,0.795277778,188,,188,676.8,72888
90,Faça Alguém Dizer Quero Você de Volta,Alexander Voger,BR,54533,0.109166667,27,,27,97.2,5301
91,Kelly Clarkson's Wowed by Abby Cates' Confident Cover of Because of You - The Voice 2018 Knockouts,The Voice,BR,550553,0.034166667,18,,18,64.8,35676
92,PROVEI A COMIDA DA ELITE DO EXÉRCITO AMERICANO ( MUITO GOSTOSA )!!,Área Secreta,BR,228233,0.35,116,,116,417.6,95310
93,Wild Zoo Animal Toys | Learn Animal Names and Learn Colors For Kids,SuperFunReviews ,BR,333962,0.133611111,34,,34,122.4,40877
94,Ninguém Explica Deus (Preto no Branco) [Kennto Remix] (Lyric Video),PretoNoBrancoVEVO,BR,13856,0.049444444,20,,20,72,998
95,Pocoyo Halloween 🔴  LIVE STREAMING | Episódios completos em Português,Pocoyo - Português,BR,92975,0.490555556,128,,128,460.8,42843
96,Gestação pedagógica,Diogo Almeida humorista,BR,25135,0.076944444,25,,25,90,2262
97,Top Sertanejo 2018 Mais Tocadas - As Melhores do Sertanejo Universitário 2018 (Lançamentos),Só Sertanejo,BR,104866,0.950833333,233,,233,838.8,87962
98,Chulapa nega envolvimento com Perlla em A Fazenda 10,Programa do Porchat,BR,15895,0.051666667,23,,23,82.8,1316
99,"Pabllo Vittar não foi embora do Brasil, veja o que disse Donald Trump sobre Bolsonaro",Treta Dos Famosos,BR,1051473,0.028888889,15,,15,54,56780
100,"Ana Paula Renault, Fefito e Priscila de Sá - Pânico - 30/10/18",Pânico Jovem Pan,BR,138473,1.605,364,,364,1310.4,181455
101,FIZ A MAIOR CLOUD SLIME DO MEU CANAL | TIO LUCAS,Tio Lucas,BR,122858,0.235555556,57,,57,205.2,25210
102,Amanhã Hoje | Ben 10 em Português Brasil | Cartoon Network,Ben 10 Brasil,BR,76117,0.076944444,23,,23,82.8,6302
103,BOLSONARO PRESIDENTE,Davy Jones,BR,556577,0.179444444,42,,42,151.2,84154
104,BOLSONARO CONCEDE PRIMEIRA ENTREVISTA A RECORD TV COMO PRESIDENTE DO BRASIL,Record TV Cabo Verde,BR,53065,0.554166667,151,,151,543.6,28846
105,Horóscopo do dia - 31 de Outubro de 2018: Previsões para todos os signos Lua Minguante em LEÃO,Império do Tarot com Cinthia Bernardes,BR,19677,0.409444444,138,,138,496.8,9776
106,Apresentamos o novo iPad Pro — Apple,Apple Brasil,BR,49726,0.025833333,10,,10,36,1790
107,4 crianças médiuns que LEMBRAM de suas VIDAS PASSADAS,Fatos Desconhecidos,BR,63059,0.088055556,26,,26,93.6,5902
108,Partidos da esquerda se afastam do PT,Jovem Pan - 3 em 1,BR,161087,0.111388889,28,,28,100.8,16238
109,UMA HISTÓRIA COM O ABOBRINHA,EMI,BR,52850,0.052222222,19,,19,68.4,3615
110,BFF Girls - Girls Just Wanna Have Fun (Pseudo Video),BFFGirlsVEVO,BR,45361,0.046666667,18,,18,64.8,2939
111,SOS ProEnem | Revolução Francesa e Guerra Fria | História | Prof. Otto Barreto,ProEnem - Enem 2018,BR,17432,1.501666667,344,,344,1238.4,21588
112,COM DEUS NINGUÉM BRINCA 10,CANAL INTERESSANTE,BR,99952,0.276666667,69,,69,248.4,24828
113,18 IDEIAS ASSUSTADORAS DE HALLOWEEN QUE VOCÊ PODE DIY EM POUCO TEMPO,IDEIAS INCRÍVEIS,BR,31798,0.202222222,49,,49,176.4,5609
114,James Corden & Ariana Grande Visit an Escape Room,The Late Late Show with James Corden,BR,896693,0.090833333,27,,27,97.2,87159
115,5 Lendas  Urbanas Mais ASSUSTADORAS do Japão!  😱👹,Bunka Pop,BR,53804,0.207222222,50,,50,180,9685
116,Jornal da BandNews FM - 31/10/2018,Rádio BandNews FM,BR,29933,1.838611111,427,,427,1537.2,46013
117,♫ 5x1 - REAL MADRID É ATROPELADO PELO BARÇA | Paródia Moleque - Pacheco e Marília Mendonça,FutParódias,BR,1130961,0.043333333,19,,19,68.4,77358
118,Halsey - Without Me,HalseyVEVO,CA,4467893,0.065833333,22,,22,79.2,353857
119,Tyga - Dip (Official Video) ft. Nicki Minaj,TygaVEVO,CA,5318708,0.055555556,21,,21,75.6,402094
120,Worst Halloween Candy Taste Test (Day 2),Good Mythical Morning,CA,2037463,0.2375,63,,63,226.8,462097
121,IZ*ONE (아이즈원) - 라비앙로즈 (La Vie en Rose) MV,Stone Music Entertainment,CA,7777735,0.066388889,21,,21,75.6,587997
122,GLOOM TRIES CUPPING FOR THE FIRST TIME,Gloom,CA,351785,0.184722222,43,,43,154.8,54456
123,Embarrassing Halloween Costumes,Good Mythical MORE,CA,183599,0.158888889,38,,38,136.8,25116
124,And you think YOUR family is dysfunctional | Wayne,Wayne,CA,148120,0.014722222,3,,3,10.8,1600
125,Kelly Clarkson's Wowed by Abby Cates' Confident Cover of Because of You - The Voice 2018 Knockouts,The Voice,CA,550553,0.034166667,18,,18,64.8,35676
126,Introducing the new iPad Pro — Apple,Apple Canada,CA,113775,0.025833333,6,,6,21.6,2458
127,Rami Malek Discusses His Freddie Mercury Transformation,The Tonight Show Starring Jimmy Fallon,CA,944542,0.127222222,31,,31,111.6,105411
128,Introducing the new MacBook Air — Apple,Apple,CA,2755746,0.041388889,15,,15,54,148810
129,Who Owns The Statue of Liberty?  (New Jersey vs New York),CGP Grey,CA,1003601,0.124722222,33,,33,118.8,119228
130,2019 iPad Pro Impressions: Incredibly Thin!,Marques Brownlee,CA,2252418,0.110277778,29,,29,104.4,235152
131,TWICE YES or YES TEASER E,jypentertainment,CA,2455037,0.005,1,,1,3.6,8838
132,Keira Knightley & Mackenzie Foy Answer the Web's Most Searched Questions | WIRED,WIRED,CA,193411,0.116388889,28,,28,100.8,19496
133,BRUNCH at 7-ELEVEN in Seoul South Korea,Strictly Dumpling,CA,1721052,0.259722222,75,,75,270,464684
134,Funny Musical Waiter | Rudy Mancuso,Rudy Mancuso,CA,687596,0.08,24,,24,86.4,59408
135,TIME TO SHOOT THE TEAM 10 MOVIE!,Jake Paul,CA,2472525,0.233611111,55,,55,198,489560
136,How Asians Celebrate Halloween,Wong Fu Productions,CA,162375,0.084166667,25,,25,90,14614
137,Honest Trailers - Batman: The Animated Series,Screen Junkies,CA,1078411,0.120833333,31,,31,111.6,120351
138,Carla and Ina Garten Make Chocolate-Pecan Scones | From the Test Kitchen | Bon AppÃ©tit,Bon AppÃ©tit,CA,291699,0.243611111,57,,57,205.2,59857
139,Girl Talk As You Grow Up,IISuperwomanII,CA,1392220,0.058888889,21,,21,75.6,105252
140,Little Mix Sing Woman Like Me | Live Shows Week 2 | The X Factor UK 2018,The X Factor UK,CA,2305989,0.071111111,25,,25,90,207539
141,Our Alligator Gets a New Toy!,Snake Discovery,CA,188530,0.148055556,34,,34,122.4,23076
142,The Demon Priest of Mission Solano,BuzzFeed Unsolved Network,CA,1446507,0.405555556,128,,128,460.8,666550
143,Pearce and Price lead Red Sox to World Series victory: 10/28/18,MLB,CA,553954,0.109444444,29,,29,104.4,57833
144,Little Things That Ruin Your Day | Life Hacks by Blossom,Blossom,CA,5106177,0.106944444,27,,27,97.2,496320
145,Kris Jenner Answers 'Ellen’s Burning Questions',TheEllenShow,CA,1363534,0.060833333,23,,23,82.8,112901
146,RWBY Volume 6 Intro | Rooster Teeth,Rooster Teeth,CA,1335685,0.031944444,14,,14,50.4,67319
147,These Halloween desserts put the Ooh! in ooky spooky! |  Halloween 2018 | So Yummy,So Yummy,CA,4225566,0.109444444,27,,27,97.2,410725
148,Monster / Monster (Reborn) - Official Music Video - Gabbie Hanna,Gabbie Hanna,CA,2186881,0.0875,25,,25,90,196819
149,Evolution Of Michael Myers 1978-2018 (Animated),Tell It Animated,CA,1469816,0.058333333,24,,24,86.4,126992
150,Secret Geniuses  - The Office US,The Office US,CA,870532,0.167777778,41,,41,147.6,128491
151,The ULTIMATE Lemon Meringue Tart Battle!,SORTEDfood,CA,202029,0.301388889,87,,87,313.2,63275
152,We Tried To Make Pizzas With Zero Waste,Tasty,CA,1700772,0.168333333,42,,42,151.2,257157
153,Browns vs. Steelers Week 8 Highlights | NFL 2018,NFL,CA,1049061,0.193333333,46,,46,165.6,173725
154,Gordon Ramsay Helps Matilda Cook A Giant Burger,Gordon Ramsay,CA,2264307,0.050833333,20,,20,72,163030
155,"Gerard Butler Spent Seven Years Studying, Practicing Law",The Late Show with Stephen Colbert,CA,1117748,0.154444444,36,,36,129.6,144860
156,Bohemian Rhapsody | Final Trailer [HD] | 20th Century FOX,20th Century Fox,CA,6040868,0.036944444,13,,13,46.8,282713
157,"VOX LUX Official Trailer (2018) Natalie Portman, Jude Law Movie HD",ONE Media,CA,1706265,0.016388889,4,,4,14.4,24570
158,HOW TO TRAIN YOUR DRAGON: THE HIDDEN WORLD | Official Trailer 2,DreamWorksTV,CA,5695375,0.045277778,16,,16,57.6,328054
159,CIARA - DOSE  [Official Video],Ciara,CA,1908429,0.068888889,24,,24,86.4,164888
160,"But First, Tan ft. Hasan Minhaj | Patriot Act | Netflix",Netflix,CA,504948,0.165277778,40,,40,144,72713
161,15 Weird Ways To Sneak Candies Into Class / Back To School Pranks,Troom Troom,CA,6346616,0.180555556,45,,45,162,1028152
162,Battle to Throw First Pitch at the World Series vs. Guava Juice!!,Team Edge,CA,1677577,0.190555556,47,,47,169.2,283846
163,Here's Why Everyone Hates the Mercedes-AMG GLE63 Coupe,Doug DeMuro,CA,1590587,0.3325,98,,98,352.8,561159
164,Dance With Me | Anwar Jibawi & Hannah Stocking,Anwar Jibawi,CA,984168,0.040277778,14,,14,50.4,49602
165,Jada Finally Broke Me.,Will Smith,CA,3931473,0.145,34,,34,122.4,481212
166,Spice - Black Hypocrisy (Official Music Video),SpiceOfficialVEVO,CA,2489837,0.057777778,23,,23,82.8,206159
167,Imagine Dragons - Zero (From the Original Motion Picture Ralph Breaks The Internet),ImagineDragonsVEVO,CA,9674100,0.064722222,23,,23,82.8,801015
168,Zara Larsson - Ruin My Life,ZaraLarssonMusicVEVO,CA,5619405,0.0525,20,,20,72,404597
169,Adults React To Impossible Odds Compilation (Never Tell Me The Odds),FBE,CA,1192941,0.174722222,43,,43,154.8,184667
170,The New Kid,Domics,CA,2776128,0.176388889,43,,43,154.8,429745
171,Tyrus Wong's 108th Birthday,googledoodles,CA,13053,0.011388889,3,,3,10.8,141
172,Owner Tells Gordon Ramsay To GET OUT OF HIS KITCHEN | Kitchen Nightmares,Kitchen Nightmares,CA,2116345,0.059166667,20,,20,72,152377
173,"Ken Block’s Gymkhana TEN 1977 F-150 Hoonitruck, presented by Toyo Tires",TheHoonigans,CA,2412957,0.193055556,49,,49,176.4,425646
174,FULL FACE OF NEW MAKEUP | First Impressions,KathleenLights,CA,585566,0.480555556,135,,135,486,284585
175,My Experience with Sports,Jaiden Animations,CA,4719951,0.148055556,34,,34,122.4,577722
176,Spice Expert Guesses Cheap vs Expensive Spices | Price Points | Epicurious,Epicurious,CA,847917,0.305833333,101,,101,363.6,308303
177,Beware of the Bulgarian Samodiva // Something Scary | Snarled,SNARLED,CA,1158064,0.119722222,30,,30,108,125071
178,A Ghost Does My Makeup,James Charles,CA,4493596,0.238333333,55,,55,198,889732
179,Jonah Hill Tells the Backstory of the SNL Character Adam Grossman,Late Night with Seth Meyers,CA,236320,0.116111111,29,,29,104.4,24672
180,This Twisted Freak LIKES Halloween,CollegeHumor,CA,355991,0.052777778,22,,22,79.2,28194
181,EVERY TRICK-OR-TREAT EVER,Smosh,CA,2158017,0.075555556,25,,25,90,194222
182,Pumpkin Bread - You Suck at Cooking (episode 81),You Suck At Cooking,CA,711879,0.08,25,,25,90,64069
183,The Try Guys Take a Friendship Test | Glamour,Glamour Magazine,CA,1664663,0.173333333,42,,42,151.2,251697
184,Real Doctor Reacts to THE GOOD DOCTOR #2 | Medical Drama Review | Doctor Mike,Doctor Mike,CA,1641345,0.231944444,55,,55,198,324986
185,Pokemon: The Horror Movie (Official Fake Trailer),nigahiga,CA,2809583,0.076111111,26,,26,93.6,262977
186,Robin ferngesteuert im Friseursalon - LUKE! Die Woche und ich,LUKE! Die Woche und ich,DE,496119,0.082777778,26,,26,93.6,46437
187,Tag der Rache | Halloween Teil 2,Talha!,DE,121902,0.070833333,22,,22,79.2,9655
188,DIE KRASSESTEN HALLOWEEN FAILS!  Torgshow# 99,Freshtorge,DE,207917,0.105555556,28,,28,100.8,20958
189,Frauen mit Geld | Privat Detektiv | Eifersüchtig | Shayan Garcia,Shayan Garcia,DE,341978,0.189722222,47,,47,169.2,57863
190,"Spinnen, Schlangen & Welpen - Praktikum im Zoogeschäft | Ein Aaron für alle Fälle",Hey Aaron!!!,DE,352357,0.236111111,56,,56,201.6,71035
191,Felix Lobrecht & Tommi Schmitt – Gemischtes Hack LIVE #45 LIVEHACK,MySpass,DE,36662,1.284444444,295,,295,1062,38935
192,Fındık Ailesi. Meryem Anneanne ve Babaanne ile kalıyor,Fındık Ailesi,DE,855760,0.109722222,28,,28,100.8,86261
193,Tag der Rache | Halloween,Bodyformus,DE,170809,0.071944444,22,,22,79.2,13528
194,Twitch Con 2018 - VeryEpic Cringe Compilation (funny moments 🤣😅),PewDiePie,DE,3432046,0.202222222,49,,49,176.4,605413
195,"Trump Warns Of 'Young, Strong' Men In The Caravan",The Late Show with Stephen Colbert,DE,1307488,0.128888889,34,,34,122.4,160037
196,Sultan Kebabi – Kebab Rezept aus dem Ofen mit Hähnchen & Yufka,Sallys Welt,DE,47760,0.245833333,57,,57,205.2,9800
197,Mischen Impossible!? Die schlimmsten FILM-IMITATIONEN aller Zeiten!,Jay & Arya,DE,139621,0.149166667,37,,37,133.2,18598
198,Çukur 2.Sezon 7.Bölüm - Ver Çocuğu Al Çeto'yu, Çukur,DE,1862182,0.136111111,32,,32,115.2,214523
199,AUWEIA! HEY AARON ALS PRAKTIKANT JIMMIE!? | AARON TROSCHKE IN NORBERTS WELT | Zoo Zajac,Zoo Zajac,DE,85177,0.219166667,60,,60,216,18398
200,Schülerin in Gefahr! #49 | Krass Schule,Krass Schule - Die jungen Lehrer,DE,201992,0.117777778,30,,30,108,21815
201,3 SCHERZARTIKEL im Test - Schwarze Seife Explodierender Stift färbende Bonbons | Dinge zum Pranken,Spiel mit mir - Kinderspielzeug,DE,15569,0.098333333,25,,25,90,1401
202,Ehrlich Brothers: Ausgetrickst | Verstehen Sie Spaß?,Verstehen Sie SpaÃŸ?,DE,1292937,0.211111111,45,,45,162,209456
203,Petit Fours backen I leckere Mini-Baumkuchen-Törtchen I Anleitung von Nicoles Zuckerwerk, Nicoles Zuckerwerk,DE,54952,0.286388889,79,,79,284.4,15628
204,"Rip-Off Victims: Young, naive, female? | Help me! | COMPILATION","Hilf Mir! Jung, pleite, verzweifelt",DE,260803,0.287222222,80,,80,288,75111
205,Best Halloween Songs 2018 || Halloween Party Music Mix || The Best Halloween Party Playlist 2018,Timeless Music - Best Christmas Songs,DE,95967,1.216944444,276,,276,993.6,95353
206,Merkel ist (bald) weg! Und jetzt?,MrWissen2go,DE,164161,0.170277778,44,,44,158.4,26003
207,Enis Bytyqi - Marak,AVD Digital,DE,285482,0.048611111,16,,16,57.6,16444
208,Fake Firing PRANK | Fake G-U-N shot PRANK on Public Awesome Reaction|( Part 4) By - ComicaL TV, ComicaL TV,DE,96066,0.0525,16,,16,57.6,5533
209,Sladja Allegro - Bataljon (Official Video 2018),SladjaAllegro,DE,416340,0.054444444,12,,12,43.2,17986
210,"Erster Eindruck: Neues iPad Pro, MacBook Air & Mac Mini! - felixba",Felixba,DE,184480,0.222777778,54,,54,194.4,35863
211,Nedeljko Bajic Baja | Svetionik Official Video (2018),Official Channel Nedeljko BajiÄ‡ Baja,DE,286297,0.103611111,27,,27,97.2,27828
212,Simon Khorolskiy & Sisters – Снова весна,Simon Khorolskiy,DE,37667,0.048611111,13,,13,46.8,1763
213,Schwarzfahren mit kleinen Bruder 😂 | Best Trend Videos,Best Trend Videos,DE,273426,0.243333333,57,,57,205.2,56107
214,@Ufak Tefek Cinayetler 39. Bölüm,Ufak Tefek Cinayetler,DE,220326,2.321944444,634,,634,2282.4,502872
215,Lil Lano - Stone Island (Official Video 4K),Lil Lano,DE,209767,0.051388889,16,,16,57.6,12083
216,Erklärung von Kanzlerin Merkel: Es ist Zeit für ein neues Kapitel,spiegeltv,DE,401417,0.0475,13,,13,46.8,18786
217,24 hours challenge overnight in the halloween haunted house!!!!,Ryan's Family Review,DE,252209,0.23,55,,55,198,49937
218,Trump and Fox News’s Caravan Hysteria Reaches a Fever Pitch | The Daily Show,The Daily Show with Trevor Noah,DE,972618,0.141666667,34,,34,122.4,119048
219,♥ BABYSHOWER PARTY ♥ I Paola Maria,Paola Maria,DE,189053,0.079444444,24,,24,86.4,16334
220,Handysucht? Wieso will sie auf der Intensivstation ihr Handy haben? | Klinik am Südring | SAT.1 TV,Klinik am Südring,DE,82555,0.200277778,48,,48,172.8,14266
221,Wendy Pretend Play as Princess Ariel Mermaid Swimming Kids Birthday Pool Party,Toys and Colors,DE,1022660,0.089444444,27,,27,97.2,99403
222,[ASMR] ♡ ULTRA TINGLY TWIN EDITION | FALLING ASLEEP IN 10 MINUTES | deutsch/german,ASMR Janina,DE,392637,0.169444444,41,,41,147.6,57953
223,Beni Affet 1434. Bölüm,Beni Affet,DE,314377,0.795,188,,188,676.8,212770
224,DIY-Weihnachtsdeko: Adventskranz mit süßer Waldlandschaft [How to] Deko Kitchen (P),Deko Kitchen – Schöne Deko selber machen | Esther Straub,DE,34214,0.151388889,35,,35,126,4311
225,New Eritrean Film 2018 - MOZAIK - ሞዛይክ - Part 12,SOYRA-ERITREA,DE,64558,0.467777778,138,,138,496.8,32072
226,Happy Halloween Song | Halloween Music for Kids + More Nursery Rhymes,SOYRA-ERITREA,DE,15312,0.670277778,175,,175,630,9647
227,Beni Bırakma 143. Bölüm, Beni Bırakma,DE,101828,0.920277778,252,,252,907.2,92378
228,Pascal erhält die Test-Ergebnisse #1807 | Berlin - Tag & Nacht,Berlin - Tag & Nacht,DE,523284,0.241388889,59,,59,212.4,111146
229,Ist der LAMBO doch nicht mehr zu retten?,Nico Pliquett DE,DE,63408,0.172777778,41,,41,147.6,9359
230,Sara se rasplakala govoreći o raskidu sa Vojketom: On posle Zadruge nije bio isti,Telegraf.rs TV,DE,412997,0.125555556,31,,31,111.6,46090
231,Die Thundermans | Halloween-Süßigkeiten 🍬 | Nickelodeon Deutschland,Nickelodeon Deutschland,DE,36823,0.396388889,94,,94,338.4,12461
232,สาปกระสือ | EP.25 ตอนที่ 4/4 | 31-10-61 | ช่อง8,ThaiCh8 : ช่อง 8,DE,56501,0.724444444,180,,180,648,36613
233,VW meldet sich zurück nach Aufreger! | Dauerfehler bei Touran: Ölaustritt am Turbo,Die Autodoktoren - offizieller Kanal,DE,164109,0.404722222,96,,96,345.6,56716
234,RYAN'S MOMMY IS MISSING in the Giant Spooky Halloween Maze Box Fort !,The Studio Space,DE,289031,0.180833333,45,,45,162,46823
235,Montanablack und das Online Casino - Kuchen Talks #332,KuchenTV,DE,75810,0.188611111,47,,47,169.2,12827
236,Merkel: Reaktionen auf angekündigten Rückzug,tagesschau,DE,330526,0.0375,13,,13,46.8,15469
237,Original Sliced Finger makeup tutorial,Powdah,DE,1634615,0.222777778,58,,58,208.8,341308
238,HDMONA - Part 3 - ንጌጋ ንጌጋ ብ ናትናኤል ሙሴ Ngiega Bgiega By Natnael Mussie  New Eritrean Series Movie 2018,HDMONA NEBARIT,DE,104317,0.503333333,107,,107,385.2,40183
239,Darf ich nochmal? [subtitled] | Knallerfrauen mit Martina Hill,Knallerfrauen,DE,161701,0.033611111,18,,18,64.8,10478
240,Worst Halloween Candy Taste Test (Day 3),Good Mythical Morning,DE,1054156,0.246944444,62,,62,223.2,235288
241,"Mutter legt Kleinkind ins Bett, Stunden später hört sie Schreie und bemerkt eine versteckte Gefahr",Generation Sonnenschein,DE,16153,0.062222222,22,,22,79.2,1279
242,Siyah İnci 8. Bölüm 2. Fragman!,STAR TV,DE,233684,0.016111111,5,,5,18,4206
243,Eşkıya Dünyaya Hükümdar Olmaz 113. Bölüm,Eşkıya Dünyaya Hükümdar Olmaz,DE,582897,1.967777778,461,,461,1659.6,967376
244,Wollen wir Menschen leiden sehen? Wie entscheiden andere über unser Leben? | Galileo | ProSieben,Galileo,DE,199088,0.253055556,63,,63,226.8,45153
245,Shirin David: KRASSE Ansage & neue Nase! â€¢ Dreist: Wir werden KOPIERT! | #HalloWWWeen,World Wide Wohnzimmer,DE,99906,0.1575,37,,37,133.2,13307
246,Daughter Of The Moon Season 1 - (New Movie) 2018 Latest Nigerian Nollywood Movie Full HD | 1080p,Nollywoodpicturestv,DE,59458,0.543888889,160,,160,576,34248
247,How On Earth Does An Omega Z-33 Work? | Watchfinder & Co.,Watchfinder & Co.,DE,2170302,0.122222222,31,,31,111.6,242206
248,Azhagu - Tamil Serial | அழகு | Episode 290 | Sun TV Serials | 31 Oct 2018 | Revathy | Vision Time,Vision Time Tamil,DE,486530,0.345833333,85,,85,306,148878
249,Nicki v. Cardi...AGAIN,The Wendy Williams Show,DE,474707,0.494166667,138,,138,496.8,235834
250,Shakti - Latest Upcoming Twist | Colors Tv Shakti Astitva Ke Ehsaas Ki,pressnews tv,DE,122925,0.025833333,12,,12,43.2,5310
251,أخيرا إرتفاع في 2019 للحد الاذنى للأجور Mindestlohn في ألمانيا و هنا تكسب أكتر في الساعة,MaroWeltShow,DE,28210,0.096388889,25,,25,90,2539
252,Ceylan ve kayınpederi arasındaki tartışma bir anda kavgaya döndü! - Esra Erol'da 22 Şubat 2022,Esra Erol'da,DE,171866,0.237777778,63,,63,226.8,38979
253,สายรัก สายสวาท | EP.4 (FULL HD) | 30 เม.ย.61 | one31,one31,DE,49098,1.091666667,275,,275,990,48607
254,Eli Türkoğlu - Yokluğunun Ertesi,netd müzik,DE,283989,0.054722222,22,,22,79.2,22492
255,"Ellen's Backstage Scares Featuring Kris Jenner, Ciara and Her Staff",TheEllenShow,DE,408612,0.038333333,13,,13,46.8,19123
256,Randale im Hotel: Was hat sie zu verbergen? | #PaulRichterTag | Auf Streife | SAT. 1 TV,Auf Streife,DE,36846,0.267222222,67,,67,241.2,8887
257,"Bumbling President Trump Booster Botches Mueller Smear, Implicates Own Mom | Rachel Maddow | MSNBC",MSNBC,DE,358211,0.197777778,48,,48,172.8,61899
258,NRG BAND -  Ani mori Nuse ( Official Video ),NRG BAND,DE,120959,0.050555556,18,,18,64.8,7838
259,WER ist der TÄTER?! - 10 HALLOWEEN-FAKTEN !,ApeCrimeTV,DE,185365,0.1875,42,,42,151.2,28027
260,Omour Jedia S03 Ep06 30 10 2018 P01,Elhiwar Ettounsi,DE,162000,0.776944444,184,,184,662.4,107309
261,Tayo und Duri sind Stadthelden l Spielzeit 3 Folge 16 l Tayo Der Kleine Bus,Tayo Der Kleine Bus,DE,66834,0.556111111,133,,133,478.8,32000
262,Dame Tu cosita ñ,Diogendy Rodriguez,DE,85889,0.008333333,2,,2,7.2,618
263,DARA BUBAMARA - ALL INCLUSIVE (OFFICIAL VIDEO),OfficialDaraOnline,DE,220051,0.059166667,21,,21,75.6,16636
264,MIXING RANDOM THINGS INTO SLIME!!! MOST SATISFYING SLIME VIDEO,Satisfying Slime Videos,DE,744275,0.164166667,40,,40,144,107176
265,JP Performance - Nissan GTR R35 Carbon Teile!,JP Performance,DE,434668,0.271388889,67,,67,241.2,104842
266,（ዘመን ）ZEMEN Part 138,ZEMENTV,DE,218990,0.6875,166,,166,597.6,130868
267,تحدي لا تختار ماء السلايم الخاطئ !!! Don’t Choose the Wrong Water Bottle Slime Challenge,shfa,DE,550298,0.173333333,41,,41,147.6,81224
268,Bizim Hikaye 45. Bölüm,Bizim Hikaye,DE,462902,2.531388889,689,,689,2480.4,1148182
269,Te vreau langa mine! (31.10.2018) - Editie COMPLETA,Kanal D Romania,DE,23864,1.304166667,298,,298,1072.8,25601
270,"Jokes Seth Can't Tell: Lesbian Penguins, National Color Day",Late Night with Seth Meyers,DE,277747,0.085833333,25,,25,90,24997
271,Avlu 18. Bölüm 2. Fragman,Avlu,DE,593759,0.010277778,3,,3,10.8,6413
272,Ege'nin Hamsisi - 15.Bölüm,Ege'nin Hamsisi,DE,136955,2.176388889,591,,591,2127.6,291385
273,"Naayagi Episode 216, 31/10/18",VikatanTV,DE,701539,0.355277778,87,,87,313.2,219722
274,3 einfache KÜRBIS REZEPTE | JANAlecker,JANAklar,DE,18102,0.241111111,62,,62,223.2,4040
275,WIE VIEL IST DEIN OUTFIT WERT ?💸🔥 HYPEBEAST EDITION 🔥💸 | STREET UMFRAGE | ITS LION,Lion,DE,24707,0.173055556,44,,44,158.4,3914
276,Motivationstraining für Jakob: Wird er seine Faulheit überwinden? | Late Night Berlin | ProSieben,Late Night Berlin,DE,103070,0.134166667,32,,32,115.2,11874
277,Ki Jaana Mein Kaun Episode #34 HUM TV Drama 31 October 2018,HUM TV,DE,247479,0.651111111,187,,187,673.2,166603
278,Das Supertalent 2018 | Folge 07 am 03.11.2018 bei RTL und online bei TV NOW,Das Supertalent,DE,27348,0.011666667,3,,3,10.8,295
279,MAsterChef Türkiye - Murat küfür Etti Juri Kovdu!,marry,DE,1781460,0.020555556,3,,3,10.8,19240
280,Co mówią: NA HALLOWEEN,AbstrachujeTV,DE,507844,0.109444444,33,,33,118.8,60332
281,I Lost My Best Friend Over Drama At The Halloween Dance,storybooth,DE,1757979,0.0575,22,,22,79.2,139232
282,"DJULIA FT. DENIS TEOFIKOV - Op-op / Джулия ft. Денис Теофиков - Оп-оп, 2018",PlanetaOfficial,DE,157714,0.053333333,22,,22,79.2,12491
283,Keira Knightley & Mackenzie Foy Answer the Web's Most Searched Questions | WIRED,WIRED,DE,193411,0.116388889,34,,34,122.4,23674
284,Tanjir Strave - Ami G Show S11 - E08,AmiG Show,DE,96579,0.119444444,34,,34,122.4,11821
285,صرخة روح ـ خيانة خرساء الحلقة 1 الأولى ـ هبة نور ـ يزن السيد ـ محمد خير الجراح,Sham Drama شام دراما,DE,1166682,0.748888889,179,,179,644.4,751810
286,Pencilmate Spots a Huge Asteroid! -in- SEIZE THE DOOMSDAY - Pencilmation Cartoons for Kids,Pencilmation,DE,784055,0.528611111,148,,148,532.8,417745
287,"ASMR Typing on 3 Different Keyboards [Black Widow, Ornata Chroma, Apple]",Gibi ASMR,DE,250245,0.516388889,143,,143,514.8,128826
288,9 GRUSELIGE HALLOWEEN PRANKS! LEHRER STREICHE! PRANKS FÃœR DIE SCHULE!,Troom Troom De,DE,179165,0.2,48,,48,172.8,30960
289,"Crime Patrol Dastak - Ep 895 - Full Episode - 29th October, 2018",SET India,DE,49481,0.771944444,183,,183,658.8,32598
290,Alice Weidel und Alexander Gauland zu Angela Merkels angekÃ¼ndigtem RÃ¼ckzug am 29.10.18,phoenix,DE,213687,0.142222222,33,,33,118.8,25386
291,MIRACULOUS 🐞 ALLER ANFANG IST SCHWER (TEIL 1) - Der Anfang 🐞 Geschichten von Ladybug und Cat Noir,MIRACULOUS - Geschichten von Ladybug und Cat Noir,DE,26640,0.3525,127,,127,457.2,12180
292,Doi Degeaba Halloween Special,Doi Degeaba,DE,338337,0.053888889,22,,22,79.2,26796
293,Music bank in berlin - Stray kids - My pace 20181031,KBSKpop,DE,32779,0.058611111,23,,23,82.8,2714
294,வாணி ராணி - VAANI RANI - Episode 1711 - 31-10-2018,RadaanMedia,DE,186186,0.345833333,126,,126,453.6,84454
295,Das war knapp!,yeeeh,DE,11199,0.0025,1,,1,3.6,40
296,"SIDE CHICK 16, KOFO'S DESPERATION",Splendid TV,DE,64764,0.118333333,30,,30,108,6995
297,Die magische Kuh | Magic Cow Story in German | Deutsche MÃ¤rchen,German Fairy Tales,DE,21930,0.164166667,40,,40,144,3158
298,Granny - Halloween (Ziua 5) | SEZONUL 2,Eduard Denis,DE,127124,0.163888889,40,,40,144,18306
299,Bruno Mars - Finesse (James Smith) | The Voice of Germany | Blind Audition,The Voice of Germany - Offiziell,DE,104775,0.035,12,,12,43.2,4526
300,Czego NIE robiÄ‡ w HALLOWEEN,WAKSY,DE,853958,0.193611111,50,,50,180,153712
301,Thiago AlcÃ¡ntara verletzt? DFB-Pokal-Update! Sancho sahnt ab! Barcelona will DembÃ©lÃ© verkaufen?,Onefootball Deutschland,DE,48722,0.104166667,32,,32,115.2,5613
302,"นายพล ฉีกสัญญา ""อาม ชุติมา"" ต่อหน้า ""อัจฉริยะ - ทนายสงกานต์"" l EP.320 l 30 ต.ค.61", โหนกระแส (Hone-Krasae) Official ,DE,2445586,0.504722222,136,,136,489.6,1197359
303,Fear Pong: Halloween (Kaya & Christian vs. Kat & Chris) | Fear Pong | Cut,Cut,DE,224979,0.149722222,34,,34,122.4,27537
304,STURMWAFFEL als HULK HOGAN? Cheap Cosplay mit LIECHEE,"Guten Morgen, Internet!",DE,16558,0.216944444,59,,59,212.4,3517
305,"Alter, Herkunft, Name erraten | Street Comedy mit Henry 😂 🙈 #Teamjounes",Jounes Amiri,DE,67740,0.169166667,42,,42,151.2,10242
306,Kelly Clarkson's Wowed by Abby Cates' Confident Cover of Because of You - The Voice 2018 Knockouts,The Voice,DE,550553,0.034166667,18,,18,64.8,35676
307,Dil Mom Ka Diya Episode 20 - 30th October 2018 - ARY Digital Drama,ARY Digital,DE,905828,0.675,175,,175,630,570672
308,Funny Musical Waiter | Rudy Mancuso,Rudy Mancuso,DE,687596,0.08,30,,30,108,74260
309,FEEDING my BIG TARANTULAS !!! * ðŸŽƒHalloween CRINGE Special ðŸŽƒ*,Exotics Lair,DE,77125,0.393888889,144,,144,518.4,39982
310,"NAZAR NUR KAYA ABLASINA BENÄ° BURADA BIRAKMA ABLA, GERÄ° ALAMAYACAKSIN DEMÄ°Åž! Ä°HA",M. HÃ¼seyin BaÄŸÃ§eci,DE,47527,0.081111111,25,,25,90,4277
311,Heißer Besuch! - Bleibt George Meike treu?! 🔥💔 | Köln 50667 #2307,Köln 50667,DE,38264,0.28,97,,97,349.2,13362
312,ห่อหมกฮวกเอาไปฝากป้า - ยิม | I Can See Your Voice -TH,WorkpointOfficial,DE,74849,0.028055556,13,,13,46.8,3503
313,"Zadruga 2 - Brendon vređa Minu, ona ga ignoriše - 30.10.2018.",Zadruga Official,DE,348424,0.135277778,32,,32,115.2,40138
314,"Manzoor-e-Khuda Song Teaser | Thugs Of Hindostan | Aamir, Katrina, Fatima, Ajay-Atul, A Bhattacharya",YRF,DE,3341762,0.068888889,22,,22,79.2,264668
315,MasterChef TÃ¼rkiye'ye veda eden isim belli oldu! | 18.BÃ¶lÃ¼m | MasterChef TÃ¼rkiye,MasterChef TÃ¼rkiye,DE,327538,0.572222222,137,,137,493.2,161542
316,2019 iPad Pro Impressions: Incredibly Thin!,Marques Brownlee,DE,2252418,0.110277778,29,,29,104.4,235152
317,"Taarak Mehta Ka Ooltah Chashmah - Ep 2588 - Full Episode - 29th October, 2018",SAB TV,DE,55418,0.340833333,114,,114,410.4,22744
318,ALIEN 👽PALETTE & HOLIDAY 2018 COLLECTION REVEAL | Jeffree Star Cosmetics,jeffreestar,DE,948603,0.442222222,134,,134,482.4,457606
319,Kann man die Stringtheorie testen? | Harald Lesch,Terra X Lesch & Co,DE,27204,0.101388889,26,,26,93.6,2546
320,Idhak maana | أحمد الأندلسي يعنف لبنى السديري,Attessia TV,DE,561616,0.087222222,25,,25,90,50545
321,10 MIN SWEAT WORKOUT | Full Body Sweat for Fat Burning // No Equipment | Pamela Reif,Pamela Rf,DE,130015,0.225277778,67,,67,241.2,31360
322,Ariana Grande - God is a Woman (Ariana Grande At The BBC),BBC Music,DE,1004266,0.056944444,18,,18,64.8,65076
323,ประกาศิตกามเทพ PrakasitKammathep EP.11 | 06-09-62 | Ch3Thailand,Ch3Thailand,DE,114841,1.393333333,339,,339,1220.4,140152
324,9 DIY Giant Candy vs Miniature Candy / Funny Pranks!,Troom Troom,DE,1404407,0.210555556,69,,69,248.4,348855
325,Carla's Dreams - Ca Benzina | Nocturn: Act 2,Carla's Dreams,DE,86981,0.061944444,21,,21,75.6,6576
326,MERA KHUDA JANAY - Episode 27 | HAR PAL GEO,HAR PAL GEO,DE,200283,0.613055556,148,,148,532.8,106711
327,[IZ*ONE] IZ*ONE(아이즈원) - 내꺼야 (PICK ME) Dance Practice 12.ver,official IZ*ONE,DE,7777735,0.081944444,24,,24,86.4,671996
328,How We First Met ft Stefanie Giesinger,JustMarcus,DE,228572,0.098888889,30,,30,108,24686
329,Zülfikar hapishaneye giriyor,Selena,DE,58249,0.268333333,76,,76,273.6,15937
330,SBS-IN | 100 seconds team dance in Master Key Ep. 1 with EngSub,sNack!,DE,52442,0.333333333,116,,116,417.6,21900
331,"Seda Sayan taktiklerini geliştirdi! ""Korkun benden"" | O Ses Türkiye 2018",O Ses Türkiye ,DE,87235,0.048888889,17,,17,61.2,5339
332,Dice Media | What The Folks (WTF) | Web Series | S02E03 - Spilling the Beans,Dice Media,DE,977388,0.398055556,131,,131,471.6,460936
333,Gelin Evi 609. Bölüm | 2 Kasım 2018,Gelin Evi,DE,61961,1.539166667,361,,361,1299.6,80525
334,We UPGRADED the $69 Gaming PC and it ROCKS!,Linus Tech Tips,DE,931956,0.290833333,86,,86,309.6,288534
335,Ses yarışmasıyla tanınan Nazar Nur Kaya son yolculuğuna uğurlandı,Demirören Haber Ajansı ,DE,193746,0.065555556,21,,21,75.6,14647
336,LA PEUR DE MA VIE DANS UNE MAISON HANTÃ‰E !!,Tibo InShape,FR,1402757,0.216944444,70,,70,252,353495
337,CHASSE AUX BONBONS ET DÉGUSTATION HALLOWEEN 2018 - LA FAMILLE DÉMO JOUETS,Démo Jouets ,FR,56241,0.283611111,67,,67,241.2,13565
338,Contrat d'Amitié,Lolywood,FR,1008245,0.0775,23,,23,82.8,83483
339,"RED DEAD YOUTUBERS, LES APPRENTIS COWBOYS",Wankil Studio - Laink et Terracid,FR,262580,0.536666667,144,,144,518.4,136121
340,JE CHANGE D'IDENTITÉ...,Farod,FR,97812,0.084166667,25,,25,90,8803
341,"Halloween Prank! | feat. Kylian Mbappe, Thiago Silva , Nkunku, Areola ...",PSG - Paris Saint-Germain,FR,394842,0.054722222,20,,20,72,28429
342,L'ATTAQUE DU MONSTRE D'HALLOWEEN !!! 🎃💀Children pretend play halloween nightmare,Swan The Voice - Neo & Swan ,FR,524087,0.261944444,75,,75,270,141503
343,Je crée des Dessins SURPRISES ? (Mode horreur),TutoDraw,FR,77429,0.091111111,26,,26,93.6,7247
344,Et Si La Révolution Française N'avait Pas eu Lieu ? (en 360s),Poisson Fécond ,FR,355506,0.149722222,46,,46,165.6,58872
345,Kenza Farah - Bandit (Clip Officiel),kenzafarahVEVO,FR,37498,0.056944444,19,,19,68.4,2565
346,Ridsa feat. Eva Guess - On s'est manqué [Clip officiel],ridsaofficiel,FR,47821,0.054444444,19,,19,68.4,3271
347,SCH - Le Code (Clip officiel),SCH,FR,375593,0.050833333,18,,18,64.8,24338
348,♡• LE GÂTEAU LE PLUS HORRIBLE AU MONDE ! •♡,L'atelier de Roxane,FR,129458,0.146388889,45,,45,162,20972
349,LES MAINS LES PLUS RAPIDES ET LES PLUS FORTES DU MONDE | Lama Faché,Lama FachÃ©,FR,142777,0.141944444,45,,45,162,23130
350,Chansons Halloween 2018 || Musique Halloween 2018 || Musique Halloween en FranÃ§ais,Musique Romantique,FR,27223,1.148055556,265,,265,954,25971
351,VITAA - Je te le donne - En duo avec Slimane (Clip Officiel),VITAA,FR,379005,0.065277778,21,,21,75.6,28653
352,"Des moules, du sperme et des grimaces - Parlons peu Mais parlons !","Parlons peu, mais Parlons !",FR,35466,0.066666667,22,,22,79.2,2809
353,LES TOURS DE MAGIE LES PLUS FLIPPANTS D'HALLOWEEN,Studio Danielle,FR,101086,0.078611111,23,,23,82.8,8370
354,NEGUINE MEURT LE SOIR D’HALLOWEEN 😱⚰️ [HORREUR],Sisters Alipour,FR,65690,0.085277778,25,,25,90,5912
355,"Soolking ""Karim & Nono"" #PlanèteRap",SkyrockFM,FR,480934,0.053055556,19,,19,68.4,32896
356,"Appels à ""la purge"" contre des policiers dans plusieurs villes, le décryptage de David Beaux",FRANCE 24,FR,23622,0.075,23,,23,82.8,1956
357,Un ancien détenu nous fait visiter sa prison (abandonnée),Mamytwink,FR,175134,0.239722222,73,,73,262.8,46025
358,"Top 5 des peurs d'adultes, les frayeurs PEGI 18",Topito,FR,109784,0.061666667,20,,20,72,7904
359,🔦 5 THÉORIES SUR UNE MINE HANTÉE (#72),Didi Chandouidoui,FR,233661,0.206666667,69,,69,248.4,58041
360,CETTE VITRE ARRÊTE DES BALLES DE AK-47 !,e-dison,FR,62338,0.191388889,51,,51,183.6,11445
361,Super Seducer 2 - Episode 4 - Mamoudh et son harem,Bazar du Grenier,FR,82679,0.550555556,158,,158,568.8,47028
362,Marwa Loud #GâchéChallenge,Marwa Loud,FR,144391,0.0425,15,,15,54,7797
363,Angie tente de s'évader d'une prison TERRIFIANTE !!! Film d'HORREUR d'HALOWEEN Angie maman 2.0,Angie Maman 2.0,FR,78676,0.230277778,69,,69,248.4,19543
364,Les Vacances des Anges 3 (Replay entier) - Episode 43,Les Anges - La chaîne officielle,FR,49396,0.781666667,183,,183,658.8,32542
365,MBETTEL SAISON 3 EPISODE 19,Okay.africa,FR,496564,0.465,138,,138,496.8,246693
366,17 TOURS DE MAGIE QUE VOUS POUVEZ FAIRE TOUT DE SUITE,Troom Troom FR,FR,84675,0.172777778,48,,48,172.8,14632
367,"Maéva (LMvsMonde3): Carla pense qu'elle a couché avec Kevin, Avertissement prod & Grosse baston avec",sam zirah,FR,533432,0.422777778,127,,127,457.2,243885
368,Georgio - J'en Sais Rien (Clip Officiel),Georgioxv3,FR,192297,0.045555556,16,,16,57.6,11076
369,Pod et Marichou - Saison 3 - Episode 13,Marodi TV Sénégal,FR,587724,0.539444444,137,,137,493.2,289865
370,"99,5% DE MALAISE ! (TIK TOK)",Amixem,FR,2727623,0.238611111,69,,69,248.4,677542
371,"THE WITCHER Bande Annonce TEASER (2019) Henry Cavill, SÃ©rie Netflix HD",FilmsActu,FR,38826,0.013611111,4,,4,14.4,559
372,Nastya and papa pretend play with magic TV,Stacy Toys,FR,601071,0.071111111,22,,22,79.2,47605
373,25 COOL HAIRSTYLES TO MAKE UNDER A MINUTE,5-Minute Crafts GIRLY,FR,1464286,0.283888889,76,,76,273.6,400629
374,Enquête paranormale S03-EP5: Le château de la conjuration !,JORDAN PERRIGAUD ,FR,16555,1.835277778,397,,397,1429.2,23660
375,"Naayagi Episode 216, 31/10/18",VikatanTV,FR,701539,0.355277778,93,,93,334.8,234875
376,D. Ace - Les 7 Péchés Capitaux - ( L'Orgueil #7 ),D. Ace Officiel,FR,178649,0.064722222,21,,21,75.6,13506
377,Une histoire de trous... (ça c'est du titre !),FabienOlicard,FR,58314,0.169444444,48,,48,172.8,10077
378,Omour Jedia S03 Ep06 30 10 2018 P02,Elhiwar Ettounsi,FR,185324,0.5575,143,,143,514.8,95405
379,Azhagu - Tamil Serial | அழகு | Episode 290 | Sun TV Serials | 31 Oct 2018 | Revathy | Vision Time,Vision Time Tamil,FR,486530,0.345833333,112,,112,403.2,196169
380,Un gars une fille - best of - malades,Un gars une fille | Officiel,FR,59394,0.105555556,32,,32,115.2,6842
381,"Neymar massacre une chanson, Génésio recadre Depay, Nouveau maillot à gagner ! – La Quotidienne #346",Téléfoot ,FR,100014,0.106944444,31,,31,111.6,11162
382,EN DIRECT - Meeting de Jean-Luc Mélenchon à Lille - #JLMLille,JEAN-LUC MÉLENCHON ,FR,92284,1.913888889,421,,421,1515.6,139866
383,HALLOWEEN - JAYMAXVI,Jaymax VI,FR,298350,0.164444444,46,,46,165.6,49407
384,HALLOWEEN : MES RECETTES EFFRAYANTES !,Juju Fitcats,FR,196787,0.271388889,76,,76,273.6,53841
385,JE DÉCOUVRE CE QUE MON ABONNÉ A ACHETÉ AVEC MES PLUS DE 1000€,GameMixTreize,FR,85314,0.255555556,74,,74,266.4,22728
386,J’AFFRONTE LA FEMME D'UN JOUEUR DU PSG !,Wass Freestyle,FR,895029,0.113055556,37,,37,133.2,119218
387,When characters are DUMB - Mini SHUT UP (Halloween Special),MJ - FERMEZ LA,FR,41338,0.202222222,65,,65,234,9673
388,Idhak Maana - Ep04 P01 | اضحك معنا الحلقة 4 الجزء الأول,Attessia TV,FR,146702,0.988888889,261,,261,939.6,137841
389,صريح جدا: هل صحيح أن النساء ماديات و تفضلن الرجل الغني,Ennahar tv,FR,29639,0.1225,38,,38,136.8,4055
390,Le toc toc toc : spécial rock'n'roll,Touche pas Ã  mon poste !,FR,18534,0.227777778,69,,69,248.4,4604
391,Kalyana Veedu | Tamil Serial | Episode 168 | 31/10/18 |Sun Tv |Thiru Tv,THIRU TV,FR,162193,0.326111111,112,,112,403.2,65396
392,ROJA Serial | Episode 168 | Priyanka | SibbuSuryan | SunTV Serial |Saregama TVShows,Saregama TVShows,FR,449408,0.331111111,113,,113,406.8,182819
393, வாணி ராணி - VAANI RANI - Episode 1711 - 31-10-2018,RadaanMedia,FR,186186,0.345833333,83,,83,298.8,55632
394,OM VS PSG 0-2 DEBRIEF (POURQUOI MBAPPE?),Mohamed Henni,FR,1892898,0.087222222,25,,25,90,170361
395,MIXING RANDOM THINGS INTO SLIME!!! MOST SATISFYING SLIME VIDEO,Satisfying Slime Videos,FR,744275,0.164166667,47,,47,169.2,125931
396,#78 GẠO NẾP GẠO TẺ | Phim Gia Đình Việt 2018,Vie Channel - HTV2 ,FR,1713531,0.727222222,176,,176,633.6,1085693
397,Twitch Con 2018 - VeryEpic Cringe Compilation (funny moments 🤣😅),PewDiePie,FR,3432046,0.202222222,69,,69,248.4,852520
398,ROSALÍA - DI MI NOMBRE (Cap.8: Éxtasis),RosaliaVEVO,FR,1188373,0.050277778,18,,18,64.8,77007
399,Wendy Pretend Play as Princess Ariel Mermaid Swimming Kids Birthday Pool Party,Toys and Colors,FR,1022660,0.089444444,25,,25,90,92039
400,Daughter Of The Moon Season 1 - (New Movie) 2018 Latest Nigerian Nollywood Movie Full HD | 1080p,Nollywoodpicturestv,FR,59458,0.543888889,127,,127,457.2,27184
401,Manu Payet - Matter des sÃ©ries,Montreux Comedy,FR,52775,0.131388889,39,,39,140.4,7410
402,Marina Épisode 33 - Complet en français - HD 720,Amanda Cyite,FR,38302,0.686388889,177,,177,637.2,24406
403,Hornet La Frappe - Rolls feat. Lacrim (Clip officiel),Hornet La Frappe,FR,1421544,0.073888889,22,,22,79.2,112586
404,Banoffee | LA RECETTE DE LA SEMAINE | Inspiration La GarÃ§onne Butterscotch de Cluse,THE WORLD OF SISTERS,FR,21040,0.090555556,27,,27,97.2,2045
405,Episode 34 - Beet El Salayef Series | الحلقة الرابعة والثلاثون - مسلسل بيت السلايف,AlNaharDrama,FR,59321,0.4675,138,,138,496.8,29471
406,WE DONT WEAR UNDERWEAR,Mcfly & Carlito,FR,2642327,0.073055556,23,,23,82.8,218785
407,Makeup Halloween #2 #HORROR,Caroline Receveur,FR,84770,0.166944444,47,,47,169.2,14343
408,Les 10 meilleurs films d'horreur de l'histoire,Tales From The Click,FR,26546,0.203611111,65,,65,234,6212
409,MasterChef Junior - Saison 1 - Prime 4,Agence Med Production ,FR,230125,1.05,249,,249,896.4,206284
410,"J'ACHÈTE AU HASARD DES PRODUITS ""VU À LA TV"" #15",Laurette,FR,146042,0.226944444,88,,88,316.8,46266
411,❥ LES MENSONGES QU'ON NOUS FAIT CROIRE!,Sandrea,FR,214288,0.283611111,114,,114,410.4,87944
412,Point Culture : les Drapeaux,LinksTheSun,FR,644814,0.591111111,155,,155,558,359806
413,Diffusion en direct de Bassem Braiki Official Street,Bassem TH Officiel,FR,25989,0.378888889,128,,128,460.8,11976
414,Mixing Makeup and Clay into Slime !!! Relaxing Slime with Funny Balloons | Slime Videos #160,Taylor RS,FR,98553,0.206666667,65,,65,234,23061
415,TOP 10 TWISTS de FILMS D'HORREUR !,WatchMojo Français ,FR,27115,0.145833333,45,,45,162,4393
416,Les Vacances des Anges 3 (Replay entier) - Episode 39,Les Anges - La chaîne officielle,FR,18515,0.830555556,215,,215,774,14331
417,Trump and Fox Newsâ€™s Caravan Hysteria Reaches a Fever Pitch | The Daily Show,The Daily Show with Trevor Noah,FR,972618,0.141666667,44,,44,158.4,154063
418,25 CRAZY TOY HACKS FOR ADULTS,5-Minute Crafts,FR,559462,0.408888889,95,,95,342,191336
419,"Milliardaire : Sasha 13 ans, un anniversaire à 100 000 € !",imineo.com,FR,30517,0.804444444,211,,211,759.6,23181
420,Fındık Ailesi. Meryem Anneanne ve Babaanne ile kalıyor,Fındık Ailesi ,FR,855760,0.109722222,32,,32,115.2,98584
421,"Booska'Inside : L'histoire du WESH, sa création, les anecdotes, l'avenir du WESH...",Booska-P.com,FR,37207,0.14,44,,44,158.4,5894
422,J'ESSAYE LES PIRES FRINGUES ASOS,Alexandre Calvez,FR,432996,0.102777778,28,,28,100.8,43646
423,"Manzoor-e-Khuda Song Teaser | Thugs Of Hindostan | Aamir, Katrina, Fatima, Ajay-Atul, A Bhattacharya",YRF,FR,3341762,0.068888889,23,,23,82.8,276698
424,UN ACCIDENT DE VOITURE FANTÃ”ME (Analyse vidÃ©o paranormale),Noa.,FR,59208,0.118055556,37,,37,133.2,7887
425,IZ*ONE CHU 내꺼야 (IZ*ONE Ver.) - IZ*ONE(아이즈원) 181029 EP.5,Mnet TV ,FR,7777735,0.076944444,23,,23,82.8,643996
426,The Most Satisfying Slime Videos EVER! 🍰 New Oddly Satisfying Musical.ly Compilation 2018,Salsa Sauce ,FR,1387896,0.176388889,51,,51,183.6,254818
427,Le POWER-UP de 3 des MUGIWARA sur WA NO KUNI !,Goji,FR,27520,0.183333333,52,,52,187.2,5152
428,Olympique de Marseille - Paris Saint-Germain ( 0-2 ) - RÃ©sumÃ© - (OM - PSG) / 2018-19 [CLASSICO],Ligue 1 Uber Eats,FR,888067,0.061944444,21,,21,75.6,67138
429,Pencilmate Spots a Huge Asteroid! -in- SEIZE THE DOOMSDAY - Pencilmation Cartoons for Kids,Pencilmation,FR,784055,0.528333333,125,,125,450,352825
430,"NBA Top 10 Plays of the Night | October 30, 2018",NBA,FR,320477,0.051944444,18,,18,64.8,20767
431,Lakers : du showtime mais pas dans le moneytime,TrashTalkProduction,FR,27756,0.233888889,87,,87,313.2,8693
432,Azulek - LE SEUM DE CAGOULE (clip roblofficiel),AZULEK,FR,39818,0.051111111,18,,18,64.8,2580
433,"SIDE CHICK 16, KOFO'S DESPERATION",Splendid TV,FR,64764,0.118333333,37,,37,133.2,8627
434,"L’Interview de ZeratoR 2/2 (ZEvent, sa vision de Twitch etc..) - Domingo Radio Stream",DominGo Radio Stream Sur NRJ,FR,83870,0.257777778,63,,63,226.8,19022
435,Benji (LMvsMonde3) : Qui est la plus belle ? Mélanie Dedigama ou Camille ?,VDBUZZ,FR,131146,0.073611111,25,,25,90,11803
436,Ki Jaana Mein Kaun Episode #34 HUM TV Drama 31 October 2018,HUM TV,FR,247479,0.651111111,171,,171,615.6,152348
437,BITOPHANT ! (Jackbox Party),Guzz Productions,FR,84309,0.215277778,69,,69,248.4,20942
438,Introducing the new MacBook Air — Apple,Apple,FR,2755746,0.041388889,15,,15,54,148810
439,Sarkar - Official Teaser [Tamil] | Thalapathy Vijay | Sun Pictures | A.R Murugadoss | A.R. Rahman,Sun TV,FR,1645520,0.026111111,6,,6,21.6,35543
440,JE VOUS PRESENTE MON CHIOT ! :D,Agentgb,FR,43494,0.053055556,19,,19,68.4,2975
441,Foot 2 Rue - S3 EP 16 : Le secret d'Atsuko,Foot 2 Rue / Foot 2 Rue ExtrÃªme,FR,37144,0.385277778,95,,95,342,12703
442,"Boston Celtics vs Detroit Pistons Full Game Highlights | 10.30.2018, NBA Season",HNB Media TV - Highlights & Sports,FR,873988,0.153611111,38,,38,136.8,119562
443,JULIE ME CONNAIT ELLE VRAIMENT ?,Alex & PJ,FR,186883,0.179166667,52,,52,187.2,34984
444,Je pense ce que je veux,La Carologie,FR,16625,0.351944444,85,,85,306,5087
445,Les trois pistes XXL du Real Madrid pour remplacer Lopetegui | Revue de presse,Foot Mercato,FR,72332,0.061666667,21,,21,75.6,5468
446,Avoir un cardio MONSTRE - GregMMA + Diététique !,Karaté Bushido Officiel ,FR,22820,0.168333333,44,,44,158.4,3615
447,SenSey' - Avec Moi [ Clip Officiel ],SenSey ',FR,194995,0.068888889,22,,22,79.2,15444
448,Aya Nakamura - Djadja (Clip officiel) ,Aya Nakamura ,FR,20810,0.048611111,17,,17,61.2,1274
449,Je suis obnubilée par mon apparence !,La Vie,FR,20759,0.502222222,111,,111,399.6,8295
450,The Flash 5x04 Nora tells Iris why she's Angry at her,Dani Ruah,FR,172329,0.063611111,21,,21,75.6,13028
451,McFly et Carlito : On ne porte pas de sous-vêtements - JUST DANCE 2019 [OFFICIEL] HD,Just Dance France,FR,151018,0.021111111,4,,4,14.4,2175
452,Silsila Badalte Rishton Ka Title Track Full Song Duet Version Drashti Dh HD,Music pedia,FR,910273,0.082222222,26,,26,93.6,85202
453,"Last Minute Halloween Ideas! DIY Halloween Decor Ideas, Pranks and Hacks by Blossom",Blossom,FR,581576,0.232777778,72,,72,259.2,150744
454,MIRACULOUS | THEORIE : Mais qui seras Mayura ?!,Octo Lady,FR,22141,0.1,26,,26,93.6,2072
455,"#LaVilla3 - Julien et Maeva, déjà l'embrouille ? 😱",La Villa,FR,21197,0.064722222,25,,25,90,1908
456,LA VÉRITABLE ORIGINE DES CLOWNS T*** SUR INTERNET !,TOUNY,FR,58584,0.205277778,70,,70,252,14763
457,Quelqu'un m'espionne… - Toute une histoire,Toute une histoire | Officiel,FR,18490,1.656388889,383,,383,1378.8,25494
458,"Tounkara découragé par son invité qui ne connait rien sur le coran ""Nel moute tani mote""",2stvsenegal,FR,44457,0.397777778,133,,133,478.8,21286
459,Kelly Clarkson's Wowed by Abby Cates' Confident Cover of Because of You - The Voice 2018 Knockouts,The Voice,FR,550553,0.1025,34,,34,122.4,67388
460,"Ellen's Backstage Scares Featuring Kris Jenner, Ciara and Her Staff",TheEllenShow,FR,408612,0.038333333,19,,19,68.4,27949
461,ENVOYER UNE GOPRO DANS UNE VOITURE !,PikaShoute,FR,512565,0.119722222,32,,32,115.2,59047
462,"Oklahoma City Thunder vs LA Clippers Full Game Highlights | 10.30.2018, NBA Season",HNB Media TV - Highlights & Sports,FR,571477,0.161388889,41,,41,147.6,84350
463,Vitesse VS Tout-Terrain ► By Lolo Cochet Moto ► English Subshipsters Ã  moto,Lolo Cochet - Moto,FR,53900,0.176111111,40,,40,144,7762
464,"Nicki Minaj attaque Cardi B salement sur Queens Radio, Cardi B rÃ©pond avec 10 videos sur Instagram",French Baloo,FR,34652,0.444166667,134,,134,482.4,16716
465,L'EXORCISME DE ROLAND DOE,Victoria Charlton,FR,40353,0.195555556,64,,64,230.4,9297
466,MOTARDS FRANÇAIS vs QUOTIDIEN #38,100% MOTOS ,FR,54434,0.174166667,64,,64,230.4,12542
467,TENTE DE NE PAS T’ENDORMIR ASMR,Martine ASMR,FR,29030,0.406666667,94,,94,338.4,9824
468,BASKET ARCADE ! ELECTRO ET FIN ! [EP03],Les Freres Poulain,FR,28230,0.403888889,93,,93,334.8,9451
469,İstanbullu Gelin 60. Bölüm 2. Fragman, İstanbullu Gelin,FR,600190,0.017777778,3,,3,10.8,6482
470,Phaéton : L’astéroïde bleu qui ne respecte aucune règle ! DNDE#81,Hugo Lisoir,FR,54101,0.2025,4,,4,14.4,779
471,Sisik - Toi que j'ai choisi (Mariage Jazz & Laurent),JLC Family,FR,811588,0.052222222,22,,22,79.2,64278
472,Brigitte et Emmanuel Macron bientôt divorcés ? Ils répondent ENFIN aux rumeurs de séparation !,Actualités 24h,FR,23383,0.024722222,5,,5,18,421
473,"Rey Mysterio & Jeff Hardy vs. Randy Orton & The Miz: SmackDown LIVE, Oct. 30, 2018",WWE,FR,752593,0.043333333,15,,15,54,40640
474,"Rentre dans le Cercle - Saison #2 / Épisode 8 (Youv Dee, S.Pion, Worms-T,...) I Daymolition",DAYMOLITION,FR,236895,0.628333333,146,,146,525.6,124512
475,Eşkıya Dünyaya Hükümdar Olmaz 113. Bölüm,Eşkıya Dünyaya Hükümdar Olmaz ,FR,582897,1.967777778,464,,464,1670.4,973671
476,Les nouveaux MacBook Air et iPad Pro sont là !,TheiCollection,FR,86671,0.085277778,25,,25,90,7800
477,"RUF, le constructeur de super Porsche !",Automoto,FR,56625,0.126111111,31,,31,111.6,6319
478,🏴󠁧󠁢󠁥󠁮󠁧󠁿 Pourquoi Jadon Sancho est-il si fort ?,Wiloo,FR,37962,0.090555556,25,,25,90,3417
479,EXO 엑소 'Tempo' MV Teaser,SMTOWN,FR,1226672,0.009444444,1,,1,3.6,4416
480,[MPD직캠] 아이즈원 직캠 4K '라비앙로즈(La Vie en Rose)' (IZ*ONE FanCam) | @IZ*ONE SHOW-CON,M2,KR,2236642,0.061388889,,30,30,108,241557
481,TWICE YES or YES TEASER E,jypentertainment,KR,2455037,0.005,,5,5,18,44191
482,"이재용 충격 선언, 공장은 베트남 본사는 미국으로? / 신의한수",신의한수,KR,212584,0.277777778,,91,91,327.6,69643
483,배달 치킨보다 치킨 빨리 만들기 도전해봤습니다ㅋㅋㅋㅋㅋ,웃소 Wootso,KR,716882,0.212222222,,84,84,302.4,216785
484,[대결] 초코 붕어빵 VS 아이스크림 감자 핫도그ㅣ 길거리 이색 음식 슬라임 만들기ㅣ아빠 VS 딸ㅣ침샘주의ㅣ하루아루TV,하루아루 TV Haruaru TV,KR,175621,0.167222222,,103,103,370.8,65120
485,제한시간은 3분? 핵발암 도전!! 이거 너무한거 아니냐고~ - 브도먹x굽네고추바사삭 - 겜브링(GGAMBRING),겜브링 GGAM BRING,KR,84090,0.212222222,,83,83,298.8,25126
486,"'공포의 회장님' 양진호, 아직 밝혀지지 않은 만행들 / YTN",YTN NEWS,KR,110077,0.541111111,,185,185,666,73311
487,"한국미래기술 양진호 회장, 전직 직원 무차별 폭행 / 연합뉴스 (Yonhapnews)",연합뉴스 Yonhapnews,KR,527590,0.030277778,,11,11,39.6,20893
488,Ep.02 2년 전의 기억 [서울 : 전쟁의 시작],1등 미디어,KR,240613,0.173055556,,103,103,370.8,89219
489,Princess Balloon Coloring Play!! -Jini,헤이지니 Hey Jini,KR,122657,0.124444444,,61,61,219.6,26935
490,"순재 가족의 눈물겨운 비상 긴축, 할아버지 빵꾸똥꾸야!! The family went into emergency austerity.",MBCdrama,KR,75821,0.102222222,,42,42,151.2,11464
491,Why Korean Chicken in London is the Hottest Thing Right Now!,영국남자 Korean Englishman,KR,314788,0.170555556,,87,87,313.2,98592
492,[마녀슬라임연구소] 9화 할로윈 초대형 호박 슬라임 만들기 Halloween Pumpkin Slime,캐리TV CarrieTV,KR,54318,0.200277778,,85,85,306,16621
493,[인터뷰] '양진호 폭행' 동영상…피해자가 말하는 '진상' (2018.10.31),JTBC News,KR,54412,0.135555556,,53,53,190.8,10382
494,발특집!! 무슨 발이 더 맛있을까? 족발vs닭발!! -각자먹방,핫도그TV,KR,116831,0.166944444,,72,72,259.2,30283
495,I witnessed a murder... The parrot's testimony...,SBS TV동물농장x애니멀봐,KR,315558,0.071666667,,50,50,180,56800
496,[ENG] 번외편: 밥상머리 앞에서 밥 안 먹고 폰만 만져봄,정선호,KR,353394,0.091666667,,52,52,187.2,66155
497,[The Three Mukbangteers] 1 Dollar Tteokbokki Mukbang | Banzz&Lickerish Hatnim&Park Byeongjin,돼지런한 생활 Let Eat Be,KR,226124,0.188055556,,74,74,266.4,60239
498,분명히 무음모드였는데ㅠㅠ 수업시간에 벨 울렸을 때 대처법 | 대처법,대처법,KR,207458,0.047777778,,17,17,61.2,12696
499,남자들 진짜 좋아하면 이래? [하지 말라면 더 하고19] - EP.02,플레이리스트,KR,486400,0.158888889,,53,53,190.8,92805
500,Choose the cutest pumpkin cat. (ENG SUB),크림히어로즈,KR,193720,0.160833333,,52,52,187.2,36264
501,"[FULL] 181031(수) (이장희, 정세현, 이정미, 추상미, 김은지)│김어준의 뉴스공장",tbs 시민의 방송,KR,148228,1.396944444,,361,361,1299.6,192637
502,김종국 싸움 이긴다던 안일권..드디어 마주치다 (멱살잡이),일권아놀자,KR,747531,0.024444444,,8,8,28.8,21529
503,Kkuk TV Vs. Winner of Lego Creator Audition in Lego Challenge!!! [Kkuk TV],꾹TV(Kkuk TV),KR,69245,0.106666667,,57,57,205.2,14209
504,우울한 나린이를 위한 토깽어뭉의 처방전?! 엄마랑 단둘이 슬라임 카페에 갔어요!! 가족 일상 vlog ㅣ토깽이네상상놀이터RabbitPlay,토깽이네,KR,171020,0.194166667,,83,83,298.8,51101
505,보겸님ㅎ....,릴카,KR,722859,0.049166667,,17,17,61.2,44239
506,"훈민정음 상주본 소장자 1,000억 받아도 국가에 줄 생각 없다 / 비디오머그",VIDEOMUG비디오머그,KR,520012,0.063333333,,21,21,75.6,39313
507,4부 경제붕괴 쓰나미 오는데 「경알못」들이 직언하고 「문」을 바다로 데려가나?   [쉬운경제] (2018.10.31),황장수의 뉴스브리핑o,KR,87181,0.476944444,,169,169,608.4,53041
508,할로윈 괴물병원|키키괴물의사 |호박을 치료해요|토이버스 장난감놀이|ToyBus,ToyBus 키키 묘묘와 장난감 친구들!,KR,31306,0.163055556,,49,49,176.4,5522
509,냉동 바나나로 망치 만들었는데 파괴력보고 충격먹었습니다 ㅋㅋㅋㅋㅋ [ 바나나 파괴력 테스트 ] 공대생 변승주,공대생 변승주,KR,492685,0.083888889,,47,47,169.2,83362
510,ENG)광고-하루종일 손을 바꿨다가 급 민망해진 이유..♡ (feat.핵꿀잼 술게임) [엔조이커플 enjoycouple],엔조이커플enjoycouple,KR,136040,0.171388889,,87,87,313.2,42608
511,검은 고양이의 진실,Ranking World,KR,39732,0.082222222,,25,25,90,3576
512,[이강인 볼터치] 발렌시아A팀경기 데뷔전에서 뛰어난 경기력을 보여준 이강인!!!!!!!!!!!,kk79kbk,KR,245513,0.061111111,,24,24,86.4,21212
513,"김어준의 뉴스공장 10월 31일 방송 1부,2부 / 일본 강제징용 피해자 승소! 아베 국제법 들어 반발, ‘냉면이 목구멍으로 넘어가나’ 기업 총수 향한 리선권의 망언",tbs FM,KR,67879,0.769166667,,235,235,846,57426
514,[MV] Paul Kim(폴킴) _ Me After You(너를 만나),1theK (원더케이),KR,548895,0.081111111,,33,33,118.8,65209
515,[마녀사냥FULL] 브래지어 끈을 올려줬던 아는 동생..?★14회-② 다시보기 몰아보기★,JTBC Entertainment,KR,61571,0.2575,,116,116,417.6,25712
516,Mixing All the Old Stationary Slime!! | MylynnTV,마이린 TV,KR,45105,0.361666667,,127,127,457.2,20622
517,마세라티 영상에 달린 수백개의 리플 읽기! (feat.알베르토 몬디),성명준,KR,288394,1.387222222,,373,373,1342.8,387255
518,[BTS Glorious Moments] MMA IDOL Explained by K-ARMY 1&2 (Korean Traditional version IDOL stage),바이스톰 By Storm,KR,27486,0.654166667,,207,207,745.2,20483
519,문재인 경제 파탄 박근혜 한테 뒤집어 씌우려 하나?   덕분에 박근혜  경제 끝판왕 부각 !!!,정은킬,KR,24896,0.089444444,,42,42,151.2,3764
520,수줍어하던 초등학생의 반전 파워슛팅ㄷㄷ,석꾸축꾸,KR,150792,0.072777778,,26,26,93.6,14114
521,"10월31일 6시 PenN뉴스_루머 단속하면 세컨더리 보이콧 안하나?ㅣ 소득 주도 성장 論 실패, 인정하라!ㅣ '5.18 성폭행' 발표가 수상하다外",펜앤드마이크 정규재TV,KR,105047,0.963333333,,301,301,1083.6,113829
522,(실화) 결혼식장 직원이 팬치였던 썰 - 왁굳의 노가리,우왁굳의게임방송,KR,146766,0.105,,47,47,169.2,24833
523,[토미] 미국으로 입양온 아이가 영어를 배우자 충격적인 이야기를 꺼낸다.. | 토요미스테리 | 디바제시카,디바제시카DeevaJessica,KR,42952,0.208611111,,85,85,306,13143
524,서장훈 아내(부인)오정연 이혼이유 보리차 사건,SKY KOREA,KR,17129,0.082222222,,45,45,162,2775
525,"[LSG Channel] 《LSG VS Kang Ho-Dong》Came As A Friend, Went Back Stressed!",이수근 채널,KR,468499,0.130555556,,52,52,187.2,87703
526,여기 브이로그 잘하는집~ 유튜버의 하루/ 퍼스널컬러진단 [여정을떠난여정],여정을떠난여정,KR,192456,0.361944444,,127,127,457.2,87991
527,DSR 실행 왜 공포 분위기를 조성 하는가? 강남과 마용성 폭망설을 흘리고 있는 이유,박 홍기 작가 TV 삶 테크,KR,31930,0.814444444,,242,242,871.2,27817
528,내일 학교가는 동생 놀렸더니 동생 개빡쳐서 학교 안갈라 함 ㅋㅋㅋ [ 동생 놀리기 : 내일 학교 안간다 노래로 놀리기 ] HANA 김하나,하나키키 Hanakiki ,KR,255087,0.055,,19,19,68.4,17448
529,ENG SUB _ Labrador that goes inside a Pomeranian's House. Funny dog video,소녀의행성GirlsPlanet,KR,75577,0.099444444,,40,40,144,10883
530,tvN 드라마 '백일의 낭군님' 종방연 현장,스포츠조선,KR,81774,0.083333333,,41,41,147.6,12070
531,How to take a shower without water!,허팝Heopop,KR,265835,0.093888889,,47,47,169.2,44979
532,[리플] 리플멤버가 예전 리플 영상을 리뷰해보았다! 과거 영상들 보며 리플레이 리뷰| Ripple_S,Ripple_S,KR,120868,0.065,,32,32,115.2,13924
533,🕊버드리--자기를 속였다고 소속팀을 떠나겠다는 버드리~도대체 무슨일이 있길래???(10/31--주간)🎶,보라매,KR,19481,1.216388889,,365,365,1314,25598
534,마음의 상처가 있는 사람들이 소개팅에 나왔을 때 [2 FACE 데이트],와이키키 스튜디오Ykicky studio,KR,43723,0.176388889,,102,102,367.2,16055
535,무섭게 액괴만들깈ㅋㅋ,츄팝,KR,166934,0.217222222,,103,103,370.8,61899
536,bts tokyo dome tour_ idol (20181114) 방탄소년단 도쿄돔 투어 아이돌,행복한해피진 뿌이로그,KR,86147,0.088333333,,43,43,154.8,13336
537,Do you usaully hit a HOMERUN on your FIRST DATE? | Blind Dates play Soju Drinking Game,크리스피 스튜디오(Krispy Studio),KR,35065,0.156944444,,52,52,187.2,6564
538,Banzz▼I really wanted to eat ramen...5 Samyang ramen! Mukbang,밴쯔,KR,125110,0.859722222,,288,288,1036.8,129714
539,[법륜스님의 부처이야기] 35 무엇에 의지하여 사는가,법륜스님의 희망세상만들기,KR,28913,0.409444444,,133,133,478.8,13844
540,(긴급진단) 변절자들의 태극기 집회 윤칼세TV(2018.10.31),윤창중칼럼세상 TV,KR,30264,0.375,,135,135,486,14708
541,뉴스타파 - '몰카제국의 황제' 양진호 (1) 사무실서 전 직원 무차별 폭행,newstapa,KR,964996,0.121388889,,55,55,198,191069
542,🔥복도 훔쳐올 수 있다~? 🔥선물로 받으면 액운 나가고~ 금전복 늘어나는 2가지!,전영주의 미남TV,KR,11652,0.164722222,,67,67,241.2,2810
543,I Don't Remember How My Life Was Before I Got the AirFryer - October | Vertical Vlog,꿀키하우스,KR,54156,0.2125,,82,82,295.2,15987
544,1박2일 김주혁 사*망원인 정확한 이유는? 충격적인 진실!,Korea Daily News,KR,213232,0.087777778,,40,40,144,30705
545,สาปกระสือ | EP.25 FULL HD | ช่อง8,ThaiCh8 : ช่อง 8,KR,56501,0.724444444,,221,221,795.6,44952
546,공산주의자 아들의 충격 증언! (2부) | 표병관 대표,애국강연,KR,35643,1.035,,336,336,1209.6,43114
547,[FULL영상] 연애의 참견2 다시보기 | EP.08,KBS N,KR,33890,0.9325,,309,309,1112.4,37699
548,먹을때 마다 눈물나는 와사비치킨 or 매력있는 뿌링클치킨! 둘중 하나의 치킨을 먹어야한다면 여러분의 선택은..?! [예씨 yessii],예씨 yessii,KR,107683,0.2025,,80,80,288,31013
549,음원차트 올킬 중인 폴킴의 '너를 만나' 세로라이브(Sero Live)ㅣ폴킴 - 너를 만나 (with 조윤성 / Piano ver.) (Paul Kim - Me After You),딩고 뮤직 / dingo music,KR,66249,0.07,,33,33,118.8,7870
550,BTS Cute And Funny Moments 4th Muster Happy Ever After part 2,RM,KR,116254,0.046388889,,13,13,46.8,5441
551,"18년9월11일, 일인지하 만인지상 임종석대원군.태극기집회 폄하 , 김성태 문제아로 등극.",tv나라애,KR,32349,0.166666667,,75,75,270,8734
552,"'강서 PC방 살인사건' 김성수 ""화나고 억울…동생도 벌 받아야"" / 비디오머그",VIDEOMUG ,KR,240337,0.0825,,36,36,129.6,31148
553,급식왕 사생대회 역대급그림 모음 ㅋㅋㅋ,급식왕,KR,217976,0.087222222,,43,43,154.8,33743
554,PD수첩 미친 아파트값의 비밀 2부 - 집값 폭등과 문재인 정부의 정책 실패,쇼킹부동산,KR,23805,0.312777778,,121,121,435.6,10369
555,이건 진짜 갓총입니다! 너프 레이븐 본격리뷰!! // 코너 Korner,코너  Korner,KR,37181,0.091111111,,35,35,126,4685
556,조재원 죽음의 ASMR '엄마편' 9탄 With.할로윈,조재원,KR,227021,0.054444444,,17,17,61.2,13894
557,코끼리 2700마리가 집에 산다고?,우와한비디오,KR,31002,0.027222222,,6,6,21.6,670
558,SBS [순풍산부인과] 레전드 시트콤 : '목소리를 잃은 오지명' 편,SBSNOW,KR,46497,0.098611111,,46,46,165.6,7700
559,저 람보르기니 사고냈습니다...,우파푸른하늘Woopa TV,KR,94301,0.180833333,,71,71,255.6,24103
560,The difference in pitching between a professional and an amateur (A $50000 Radar Gun from MLB used),프로동네야구 PDB,KR,895198,0.171111111,,71,71,255.6,228813
561,Monkart EP 52,키즈팡TV,KR,39787,0.199722222,,82,82,295.2,11745
562,คุณแม่ก็ซื้อผู้ชายกินเหรอคะ ? | Highlight | บาปรัก | 30 ต.ค. 61 | one31,one31,KR,765841,0.070555556,,30,30,108,82711
563,BTS & Girls cute moments (방탄소년단),AGUST D,KR,225168,0.202777778,,81,81,291.6,65659
564,[🎲실화🎲] 장추자 ♥ 뽀뽀가 부모님께 어렵게 꺼낸 한마디,장추자,KR,44337,0.193611111,,75,75,270,11971
565,"[ENG] BTS, What have you been doing? (방탄소년단, 요즘 뭐해?)",STARK,KR,59407,0.104444444,,47,47,169.2,10052
566,[가로세로 뉴스타파] 우파 지지자들에게 희망을 안겨야 할 김진태,가로세로연구소,KR,55866,0.27,,98,98,352.8,19710
567,[Halloween Special] The Fox with Nine Tails Needs Chocolate Liveer!! -Kang i,럭키강이 LuckyKang i,KR,16747,0.099166667,,47,47,169.2,2834
568,Everyone needs JIMIN (지민 BTS) in their lives!,MisuP,KR,137193,0.219722222,,76,76,273.6,37536
569,Halloween Special!! Zombie in the Parking Lot!! | Clevr tv,Clevr TV [클레버티비],KR,84064,0.150555556,,50,50,180,15132
570,2018년 10월 31일 속보 뉴스,종합뉴스,KR,61837,1.321666667,,373,373,1342.8,83035
571,딩타툰#23-1 할로윈 공포특집 썰 [딩고타운툰],써리의 영상툰,KR,60783,0.036388889,,12,12,43.2,2626
572,중국에 살지 한국에 살지?! 함진 부부 일동 긴장...ㅠㅠ [아내의 맛] 21회 20181030,TVCHOSUN,KR,132593,0.047777778,,17,17,61.2,8115
573,[ 18년10월30일] #비트코인 #암호화폐 #블록체인 #4차산업혁명 #bitcoin #bitcoin korea #比特币 #ビットコイン,신의두뇌-비트코인 경제TV,KR,18958,1.21,,349,349,1256.4,23819
574,두순이랑 덩어리랑 싸운다고!!!!!!!!!!??????(feat.싸움구경꿀잼),약속해TV,KR,118607,0.065277778,,34,34,122.4,14517
575,"북한, 과거 이건희 회장에 대한 분풀이 였나…삼성 이재용에게 부통령급 대우하면서도 냉면으로 면박 준 북한",뉴스데일리베스트,KR,42682,0.136388889,,57,57,205.2,8758
576,ประกาศิตกามเทพ PrakasitKammathep EP.11 ตอนที่ 9/9 | 30-10-61 | Ch3Thailand,Ch3Thailand,KR,114841,1.393333333,,380,380,1368,157102
577,"진사와 함께 보내는 가을날. 꽃 시장 가기. 당근케이크, 깻잎 오징어순대, 바질 쉬폰케이크 만들기. 삼청동 나들이.",신세경 sjkuksee,KR,544204,0.227222222,,93,93,334.8,182199
578,Turned the reality into a game for a friend who can't tell the difference looooool,보물섬,KR,1091820,0.1775,,103,103,370.8,404847
579,존쿡 델리미트 미트요리 8종 존쿡마켓 시켜먹기 먹방 Mukbang,FRAN,KR,105986,0.418055556,,153,153,550.8,58377
580,김정혜 보스진워렌버핏 갓쎄 구맥진 정배우와 만나다,공식후원계좌농협 352 -1520-5551-53 문봄,KR,35652,3.291388889,,893,893,3214.8,114614
581,라면먹다가 젓가락 까지 먹어버렸습니다.. 😱 젓가락 너무 맛있는데..? [젓가락 먹방],빅민 TV,KR,63712,0.061666667,,24,24,86.4,5505
582,친구집에서 몰래 고기구워먹기  [ 공대생네 가족 ],/공대생네 가족,KR,49451,0.065833333,,32,32,115.2,5697
583,놀라운 바세린 활용법|헬스 & 뷰티,헬스 & 뷰티,KR,19544,0.022777778,,3,3,10.8,211
584,[ChaechaeTV] Downsides Of Having Too Many Friends,ChaeChae채채,KR,125422,0.072777778,,33,33,118.8,14900
585,IZ*ONE 아이즈원 쇼콘 무대 종영 후 일본 반응,ZAMPARK,KR,75212,0.0625,,33,33,118.8,8935
586,마음을 터놓을 친구가 없어 쓸쓸할 때 게슈탈트 기도법,김새해 SaehaeKim,KR,16380,0.694166667,,225,225,810,13268
587,Cá Hấp Siêu Cay Siêu Hài - Đến Đi Mua Cá Thôi Cũng Không Nhịn Được Cười ( Super spicy boiled fish ),Ẩm Thực Tam Mao,KR,1710375,0.578055556,,182,182,655.2,1120638
588,JBJ95 - 'HOME' Official M/V,GENIE MUSIC,KR,291891,0.0575,,25,25,90,26270
589,집사를 향해 안아달라며 점프뛰는 개냥이^^,관찰남,KR,84505,0.0175,,3,3,10.8,913
590,"리선권, 냉면이 목구멍으로 넘어가냐? | 조원진 대한애국당 대표 | 행정안전위원회 국정감사 보충질의(최종).10.29",개미애국방송,KR,217278,0.118333333,,61,61,219.6,47714
591,[NEW 짤이몽땅] 신비아파트 귀신들의 죗값 BEST7 몰아보기_The Haunted House,Tooniverse-투니버스,KR,136050,0.144444444,,51,51,183.6,24979
592,나의 흑역사 시리즈 액괴 | 흑역사 시리즈 액괴 | 투명액괴 | 퐁당액괴 | 퐁당액점 | 설참 | 꽃해뷰,꽃해뷰ˇHaebue,KR,64827,0.078055556,,27,27,97.2,6301
593,신비아파트 다음시즌에 꼭 나와야 될 귀신은?22탄,아빠랑놀자,KR,157057,0.073611111,,31,31,111.6,17528
594,Sincham Tteokbokki & Others Mukbang!!,박병진용사,KR,83433,0.25,,92,92,331.2,27633
595,ASMR Mukbang (eating broadcasting) with Cream Cheese Fried Spicy Seafood Noodle Soup~!!,떵개떵,KR,243746,0.33,,134,134,482.4,117583
596,맛있는 가을무로 석박지 쉽고 맛있게 담그는 비법 섞박지 레시피 심방골주부,심방골주부,KR,193163,0.128611111,,60,60,216,41723
597,Tasty Guys Skit Collection.zip Ep. 1 'Family',맛있는 녀석들 (Tasty Guys),KR,98076,0.194166667,,77,77,277.2,27187
598,재미있는 16가지 DIY 할로윈 아이디어,Troom Troom Kr,KR,34371,0.220833333,,89,89,320.4,11012
599,Korean Idol Group W24 attempts to guess Western Celebrity ages,The World of Dave데이브,KR,156170,0.215,,102,102,367.2,57346
600,한국 유튜버 최초 스카이다이빙 도전기! 배그 실사 체험 ㅋㅋ [上편],조섭,KR,42648,0.384166667,,129,129,464.4,19806
601,[방탄소년단/진&지민&정국] 지진정 케미 모음,흥칫뿡뀨,KR,101008,0.258888889,,116,116,417.6,42181
602,김인직 맨유 감독이 되다 #7 노스웨스트 더비! 감감독 인생전술 찾았다!? 위닝일레븐2019 PES2019,감스트GAMST,KR,164236,0.741944444,,254,254,914.4,150177
603,"헤어졌는데, 관계는 가지는 여자의 심리",김달,KR,33626,0.099166667,,42,42,151.2,5084
604,윤수현[천태만상] 뮤비,창현거리노래방 쏭카페KPOP COVER STREET KARAOKE,KR,1497234,0.060555556,,24,24,86.4,129361
605,Thách thức danh hài 5|Tập 3 full: Trường Giang Trấn Thành cười lăn lóc khiến thí sinh nhí đòi bỏ thi,DIEN QUAN Comedy / Hài,KR,768433,1.030555556,,331,331,1191.6,915665
606,"[우마]한 점의 행복 - 신의 한 점 편 - Chicken Oyster, Sot-l'y-laisse",U.M.A.우마,KR,295505,0.289166667,,91,91,327.6,96807
607,When Jolly Met the Cast of Bohemian Rhapsody...🤭 (ft. Shandy),JOLLY,KR,91652,0.146944444,,52,52,187.2,17157
608,BOA (보아) - Fox | Kiss My Lips [Music Bank COMEBACK / 2015.05.15],KBS WORLD TV,KR,190706,0.109166667,,40,40,144,27462
609,Deweni Inima | Episode 451 30th October 2018,TV Derana,KR,445130,0.311388889,,103,103,370.8,165054
610,러너웨이 선수들의 깜짝 이벤트,러너 꽃빈TV,KR,60223,0.283611111,,97,97,349.2,21030
611,IZ*ONE (아이즈원) - 1st Mini Album [COLOR*IZ] MV TEASER 2,Mnet Official,KR,815282,0.007777778,,1,1,3.6,2935
612,충격적인 비쥬얼..  김치와 같이 먹는 치킨 *김치킨* 을 먹어보았습니다 ㅋㅋ 제2의 신호등 치킨인가??,양팡 YangPang,KR,483082,0.063888889,,26,26,93.6,45216
613,[5 mins gone] The Forbidden word of Hae Ri?!?! (Highkick ENG/SPA subbed),MBCentertainment,KR,192973,0.086388889,,38,38,136.8,26399
614,산중호걸 부부의 수상한 오지 라이프 [현장르포 특종세상 239회],MBN Entertainment,KR,150933,0.190555556,,76,76,273.6,41295
615,너불님의 희망사항 [늪지대 멤버영상],늪지대에서 생긴 일,KR,15619,0.015555556,,3,3,10.8,169
616,"주옥순 ""文도 사죄하라""…'분노 폭발' 시민에 봉변 (2019.08.09/뉴스투데이/MBC)",MBCNEWS,KR,30626,0.034444444,,8,8,28.8,882
617,HOÀ MINZY - CHẤP NHẬN ( RỜI BỎ 2 ) | OFFICIAL MUSIC VIDEO ( 4K ),Hòa Minzy,KR,3819256,0.132777778,,55,55,198,756213
618,Introducing the new MacBook Air — Apple,Apple,KR,2755746,0.041388889,,13,13,46.8,128969
619,"[한글자막] 서울같은 큰 도시에서 사는게 꿈이라는 소녀의 RM,  Seoul 가사 영상 리액션",미쓰촤,KR,43830,0.112222222,,57,57,205.2,8994
620,"좀비전쟁 : 할로윈 특집 2편 [ 할로윈 제대로 즐기는법 ] (ft.코너,아기곰TV / Halloween Zombie Reallife)",T-VIRUS Films (티바이러스),KR,165054,0.103888889,,42,42,151.2,24956
621,Wes Episode 62 ||  වෙස්     . . . |  සතියේ දිනවල රාත්‍රී 9.00 ට . . .,Swarnavahini TV,KR,180755,0.33,,108,108,388.8,70278
622,남자한테 사랑 받는 여자 특징,픽고 PICKGO ,KR,41621,0.156111111,,68,68,244.8,10189
623,ENG/JP) 멕시카나 김치치킨 리뷰먹방🔥 Kimchi fried Chicken Mukbang,Leeby리비,KR,58629,0.180277778,,77,77,277.2,16252
624,🍫 170000 🍫 초코클레이 한팩으로 거대초코퐁듀 액괴만들기 | 퐁당탱글포동 | 대왕액점만들기 | 뿌링클여러분 감사드리고 사랑해요 | 뿌직,PPUJIG뿌직,KR,319565,0.0525,,18,18,64.8,20708
625,"[2018 국정감사] 전희경, 84명 학교떠나도 당당. 교장보니 학부모 눈물 이해가",전희경과 자유의 힘,KR,70434,0.281666667,,112,112,403.2,28399
626,만약 백운이 무사했다면? 시열마 외전 애니메이션,삼시보,KR,82992,0.105277778,,45,45,162,13445
627,20181029 [2부] [국민을 인질로 갈 때까지 가보자는 종북세력] 070-4797-1818,이대로는 안된다,KR,15061,1.406388889,,379,379,1364.4,20549
628,ครึ่งๆ กลางๆ - bodyslam「Official MV」,Genierock,KR,2258862,0.088611111,,43,43,154.8,349672
629,10.급발진 인정! 국내 최초 판결 곧 나온다,한문철TV,KR,169989,0.199722222,,82,82,295.2,50181
630,あんさんぶるスターズ！アルバムシリーズ Valkyrie ダイジェスト動画,FRONTIERWORKS,KR,81004,0.070833333,,37,37,133.2,10790
631,"김어준의 다스뵈이다 36회 박범계, 엄마정치, 사우디 그리고 평양시민",딴지방송국,KR,434087,2.491388889,,781,781,2811.6,1220479
632,문구점 과일슬라임 섞기♥ 6가지로 화채슬라임 만들기 | 액괴상황극 | 과일청슬라임 | 과일후르츠슬라임 | 후르츠믹스슬라임 | 문구점후기,달파파TV,KR,145496,0.130277778,,50,50,180,26189
633,역사상 최강의 바다생물 전투력 TOP10,바게트TV,KR,570668,0.117222222,,53,53,190.8,108883
634,• IZ*ONE • La Vie en Rose • Line Distribution • 아이즈원 • 라비앙로즈 •,Crush on Lai Guanlin,KR,279125,0.070833333,,40,40,144,40194
635,Cô giáo dạy hóa khiến Trấn Thành bất ngờ với khả năng diễn hài tại Thách thức danh hài,KHƯƠNG DỪA CHANNEL,KR,1550526,0.258888889,,107,107,385.2,597263
636,[SEVENTEEN] GOING SEVENTEEN SPIN-OFF EP.20 2018 IDEAL CUT TOUR #3,SEVENTEEN,KR,143775,0.588888889,,182,182,655.2,94201
637,황교안 사표 사실상 보류…당분간 불편한 '동거 정부',JTBC News ,KR,91082,0.026388889,,10,10,36,3279
638,10월27일_ 거리행진_ 고품격 행진에 찬사 보내는 시민 놀라운 호응,TV baijin,KR,214791,0.64,,218,218,784.8,168568
639,풀영상]오랜만에 보는 환상의 조합!! 염코의 티키타카! 181028#4,ZICO TV커맨더지코,KR,19159,1.011944444,,304,304,1094.4,20968
640,นักมวยหมัดหนัก ชกเปรี้ยงสลบ 3 ยันถูกโจ๋รังแกก่อน ขอจ่ายหลักหมื่นเยียวยา| ทุบโต๊ะข่าว | 24พ.ย.62,AMARINTV : อมรินทร์ทีวี,KR,368619,0.178611111,,91,91,327.6,120760
641,ASL 결승전지고 우울한 이영호 앞에서.. 눈치없이 소고기먹는 봉준x홍구;;,(MUTUBE)와꾸대장봉준,KR,285015,0.516111111,,180,180,648,184690
642,정유미X이진욱 6번 헤어져도 7번 사귀게 되는 이유,흥베이커리XtvN,KR,224109,0.184444444,,74,74,266.4,59703
643,เปิดใจครั้งแรก! เชียร์ ฑิฆัมพร เล่า รักสุดช้ำกับ พระเอกดัง ไม่มีใครรู้ ถ่ายละครไป-ต้องแอบร้องไห้,เรื่องเล่า ข่าวข้น,KR,89670,0.0425,,15,15,54,4842
644,Cats vs Kaonashi Prank,수리노을SuriNoel,KR,1055903,0.089722222,,43,43,154.8,163454
645,Pencilmate Spots a Huge Asteroid! -in- SEIZE THE DOOMSDAY - Pencilmation Cartoons,Pencilmation,KR,784055,0.528611111,,158,158,568.8,445970
646,슈퍼맨이 돌아왔다 The Return of Superman - 서언이가 가져온 음식으로 패닉 된 백두산 팀.20181028,KBSEntertain,KR,148300,0.061666667,,29,29,104.4,15483
647,고양이 발톱을 엄청나게 빨리 깎아보겠습니다...!,김메주와 고양이들Mejoo and Cats,KR,98157,0.058333333,,25,25,90,8834
648,[영화걸작선] 74회 - 상류사회 2부 (스포일러 리뷰),거의없다,KR,95931,0.301666667,,99,99,356.4,34190
649,IU - 삐삐 (Cover by.슈기) 수험생분들 화이팅❤,슈기님,KR,1168790,0.031111111,,7,7,25.2,29454
650,Cô Gái Hàn Quốc Siêu Dễ Thương Trong Màn Đối Đáp Với Hari Won | VieTalents Official,VieTalents,KR,878998,0.101388889,,43,43,154.8,136069
651,북한이 망할 싯점에 이르렀다-뱅모 박성현,고교연합-자유대한연대,KR,38286,0.153611111,,50,50,180,6891
652,Minh Dự Chửi Việt Hương Sờ Mờ Lờ Khiến Trấn Thành Cười Bò | Hài Trấn Thành 2018,VieShows ,KR,2552896,0.255277778,,109,109,392.4,1001756
653,김이브님♥SNS에서 핫한 아이템을 착용했더니 전투력(?)이 상승해버렸다,김이브님,KR,155068,0.056111111,,21,21,75.6,11723
654,"बिहे गर्नै लाग्दा महिनावारी भएपछि.. हसाउँदा श्रीमति नै टाप, अन्तरवार्तामै बोकाबोक || Mazzako TV",Mazzako TV,KR,181400,0.424722222,,156,156,561.6,101874
